zip_code,population
10001,30511.0
10002,76873.0
10003,53560.0
10004,3711.0
10005,9439.0
10006,4096.0
10007,7406.0
10009,60209.0
10010,30702.0
10011,48277.0
10012,21426.0
10013,27219.0
10014,29230.0
10016,52971.0
10017,15297.0
10018,8559.0
10019,44942.0
10021,39868.0
10022,34049.0
10023,69455.0
10024,63115.0
10025,93065.0
10026,37123.0
10027,63885.0
10028,49077.0
10029,77447.0
10030,29297.0
10031,61058.0
10032,55610.0
10033,54838.0
10034,37758.0
10035,38862.0
10036,31036.0
10037,19031.0
10038,22235.0
10039,32492.0
10040,40096.0
10044,11520.0
10065,30808.0
10069,6509.0
10075,21897.0
10128,57976.0
10162,1603.0
10279,259.0
10280,8933.0
10282,5887.0
10301,41052.0
10302,19030.0
10303,26497.0
10304,45658.0
10305,41270.0
10306,57428.0
10307,15512.0
10308,30568.0
10309,34885.0
10310,25672.0
10312,63469.0
10314,93915.0
10451,50942.0
10452,75682.0
10453,76282.0
10454,39570.0
10455,44801.0
10456,87533.0
10457,79543.0
10458,74898.0
10459,48270.0
10460,59396.0
10461,52012.0
10462,76320.0
10463,69470.0
10464,3828.0
10465,45404.0
10466,71116.0
10467,96421.0
10468,75557.0
10469,68521.0
10470,16004.0
10471,23798.0
10472,64011.0
10473,58855.0
10474,11270.0
10475,42578.0
11001,25493.0
11004,13615.0
11005,2174.0
11101,42219.0
11102,28503.0
11103,35163.0
11104,26132.0
11105,37936.0
11106,40930.0
11109,7948.0
11201,70674.0
11203,74817.0
11204,79800.0
11205,51676.0
11206,93020.0
11207,93198.0
11208,105428.0
11209,71004.0
11210,57915.0
11211,65314.0
11212,89020.0
11213,68846.0
11214,89397.0
11215,70441.0
11216,60685.0
11217,43490.0
11218,72042.0
11219,94196.0
11220,90652.0
11221,91588.0
11222,42853.0
11223,78093.0
11224,50822.0
11225,58158.0
11226,95144.0
11228,42241.0
11229,78377.0
11230,86978.0
11231,38276.0
11232,27816.0
11233,81822.0
11234,83187.0
11235,78558.0
11236,88051.0
11237,45334.0
11238,58345.0
11239,16410.0
11249,47728.0
11354,53028.0
11355,80801.0
11356,25824.0
11357,43346.0
11358,37665.0
11360,19469.0
11361,30127.0
11362,18492.0
11363,7223.0
11364,35276.0
11365,42322.0
11366,13463.0
11367,40923.0
11368,105716.0
11369,35133.0
11370,30267.0
11372,64756.0
11373,98403.0
11374,46989.0
11375,76839.0
11377,81690.0
11378,36392.0
11379,36773.0
11385,101704.0
11411,20540.0
11412,39828.0
11413,45965.0
11414,31308.0
11415,21154.0
11416,25919.0
11417,30578.0
11418,35481.0
11419,47441.0
11420,49415.0
11421,40612.0
11422,33757.0
11423,28534.0
11426,19411.0
11427,24607.0
11428,19028.0
11429,26832.0
11432,62892.0
11433,37884.0
11434,68263.0
11435,56826.0
11436,22527.0
11691,69359.0
11692,22734.0
11693,13244.0
11694,21489.0
11697,4429.0
