GEOID,population
36061000100,0.0
36061002201,6795.0
36061002602,3528.0
36061002800,6509.0
36061003400,6990.0
36061003601,3050.0
36061003602,3444.0
36061004001,3304.0
36061004002,6268.0
36061004100,6889.0
36061004300,3524.0
36061005400,4453.0
36061005501,5346.0
36061005502,1899.0
36061005800,3986.0
36061006700,4652.0
36061006800,6430.0
36061007001,3997.0
36061007002,3479.0
36061007200,7113.0
36061007300,5393.0
36061007700,5600.0
36061007800,8015.0
36061008000,5319.0
36061008100,6191.0
36061008300,3614.0
36061008900,5890.0
36061009200,1387.0
36061009300,9559.0
36061009500,3765.0
36061009600,560.0
36061009902,4019.0
36061010000,1618.0
36061010100,1862.0
36061010200,267.0
36061010400,1058.0
36061010801,3161.0
36061010802,4136.0
36061010803,1922.0
36061010900,208.0
36061011201,862.0
36061011202,518.0
36061011203,986.0
36061011300,136.0
36061011402,2298.0
36061011800,9264.0
36061011900,1352.0
36061012000,3489.0
36061012101,3217.0
36061012102,5029.0
36061012200,3103.0
36061012500,2704.0
36061012601,7014.0
36061012602,4980.0
36061012700,6307.0
36061013000,3336.0
36061013100,3485.0
36061013201,2364.0
36061013202,3616.0
36061013300,6146.0
36061013601,1979.0
36061013602,6373.0
36061014801,3127.0
36061014900,6074.0
36061015001,2141.0
36061015002,4904.0
36061015101,3476.0
36061015301,4799.0
36061015302,5448.0
36061015401,4594.0
36061015402,3724.0
36061015403,5055.0
36061015501,4969.0
36061015700,10669.0
36061015801,5188.0
36061015802,4260.0
36061016001,3118.0
36061016100,5756.0
36061016400,8310.0
36061016500,7098.0
36061016600,6888.0
36061016900,8103.0
36061017100,8464.0
36061017200,5630.0
36061017300,9343.0
36061017401,5321.0
36061017402,2887.0
36061017500,10499.0
36061017700,10030.0
36061018000,6980.0
36061018100,8408.0
36061018400,8225.0
36061018600,6104.0
36061018700,9907.0
36061019300,9211.0
36061019600,4166.0
36061019702,2531.0
36061019900,8918.0
36061020600,3481.0
36061020701,2826.0
36061021303,5804.0
36061021500,3863.0
36061021703,348.0
36061021800,6128.0
36061022000,6087.0
36061022102,2350.0
36061022200,3595.0
36061022301,7226.0
36061022600,5673.0
36061022800,5713.0
36061023100,7132.0
36061023400,5442.0
36061023502,1858.0
36061024301,4681.0
36061024900,984.0
36061027100,7742.0
36061029300,8011.0
36061029500,7565.0
36005001600,5611.0
36005002002,3609.0
36005002300,4567.0
36005002500,5117.0
36005002701,3111.0
36005002702,4798.0
36005003800,1250.0
36005003900,5581.0
36005004001,1294.0
36005004200,7755.0
36005004400,4303.0
36005004600,1478.0
36005004800,4204.0
36005006400,4194.0
36005006800,2542.0
36005007000,4408.0
36005007200,4845.0
36005007400,3280.0
36005007600,5252.0
36005008600,3849.0
36005008700,5914.0
36005011702,0.0
36005012102,1429.0
36005012500,4001.0
36005012901,4944.0
36005013000,1388.0
36005013200,7083.0
36005013300,6087.0
36005013500,4075.0
36005014400,6128.0
36005014900,4714.0
36005015200,2562.0
36005015300,3603.0
36005015800,1490.0
36005016000,3848.0
36005016200,1885.0
36005016400,1132.0
36005017500,6264.0
36005017901,4968.0
36005017902,3030.0
36005018102,5324.0
36005018400,3886.0
36005020200,2602.0
36005020400,2829.0
36005020900,4809.0
36005021002,7434.0
36005021302,5898.0
36005021501,4346.0
36005021900,1488.0
36005022101,3752.0
36005022102,5144.0
36005022300,4867.0
36005022404,4292.0
36005022500,8040.0
36005022702,1071.0
36005022703,1685.0
36005022800,5744.0
36005022902,3378.0
36005023200,2626.0
36005023301,3841.0
36005023600,1782.0
36005023900,8591.0
36005024100,6078.0
36005024300,4134.0
36005024400,2252.0
36005024501,4856.0
36005024600,2037.0
36005024800,3699.0
36005025000,2763.0
36005025100,6983.0
36005025200,2582.0
36005025300,5503.0
36005025400,2582.0
36005026500,6906.0
36005026601,3214.0
36005026602,5900.0
36005026701,3591.0
36005026702,6841.0
36005027300,6431.0
36005027700,4474.0
36005027900,8359.0
36005028600,1248.0
36005028700,3543.0
36005028800,2589.0
36005030900,3812.0
36005031200,1489.0
36005031400,2232.0
36005031600,1697.0
36005031800,1820.0
36005031900,693.0
36005032400,2961.0
36005032600,3542.0
36005032800,4132.0
36005033601,4414.0
36005033602,1234.0
36005034000,5049.0
36005034200,1625.0
36005034300,1647.0
36005034400,1717.0
36005035900,3873.0
36005036300,6727.0
36005036501,4287.0
36005036901,1808.0
36005036902,2504.0
36005037000,2362.0
36005037100,4218.0
36005037300,6202.0
36005037400,3633.0
36005037504,4015.0
36005038200,2964.0
36005038600,8012.0
36005038800,2752.0
36005039000,3054.0
36005039100,6071.0
36005039200,1590.0
36005039800,3540.0
36005040302,4008.0
36005040303,3999.0
36005040304,3502.0
36005040400,3408.0
36005040501,3327.0
36005040502,5615.0
36005040600,3451.0
36005040701,2839.0
36005040702,6233.0
36005040800,4381.0
36005041500,5555.0
36005042000,4660.0
36005042200,3209.0
36005042300,4189.0
36005042400,2479.0
36005042800,2381.0
36005042902,3656.0
36005043000,3004.0
36005043101,5051.0
36005043400,3921.0
36005043600,2362.0
36005044200,4007.0
36005044400,4293.0
36005044800,2374.0
36005044901,2045.0
36005044902,2175.0
36005045600,3552.0
36005045800,5523.0
36005046204,5259.0
36005046206,3971.0
36005046207,6535.0
36005046209,4436.0
36081000200,2439.0
36081000702,4643.0
36081000800,3768.0
36081001000,4636.0
36081001200,4603.0
36081001600,2650.0
36081002400,2080.0
36081002600,2236.0
36081002800,2883.0
36081003000,1410.0
36081003100,1715.0
36081003200,1902.0
36081003302,1056.0
36081004002,1766.0
36081004300,2033.0
36081004500,2758.0
36081004700,3963.0
36081005000,0.0
36081005100,2303.0
36081005300,5188.0
36081005500,1350.0
36081005700,3800.0
36081006300,5613.0
36081006501,2983.0
36081006502,3975.0
36081006900,4767.0
36081007100,3488.0
36081007300,3813.0
36081007500,5002.0
36081007700,1913.0
36081007900,2742.0
36081008300,2405.0
36081008500,1821.0
36081009400,2707.0
36081009500,1959.0
36081009600,3072.0
36081009700,3837.0
36081009800,2216.0
36081010000,3082.0
36081010100,2686.0
36081010200,2731.0
36081010400,3746.0
36081010800,3304.0
36081011100,2939.0
36081011200,2375.0
36081011300,4445.0
36081011400,1908.0
36081011500,2539.0
36081011700,4015.0
36081011900,1602.0
36081012000,2355.0
36081012100,2141.0
36081012200,2939.0
36081012400,2913.0
36081012601,2787.0
36081012602,2215.0
36081012800,2129.0
36081014000,4409.0
36081014201,4388.0
36081014300,3853.0
36081014500,2429.0
36081014700,3066.0
36081014800,2015.0
36081014900,2163.0
36081015000,2233.0
36081015100,2769.0
36081015200,2599.0
36081015300,1821.0
36081015400,2296.0
36081015600,3184.0
36081015700,1371.0
36081015801,3841.0
36081015802,5464.0
36081016100,2028.0
36081016400,3180.0
36081016800,2923.0
36081016900,5859.0
36081017000,2738.0
36081017200,2355.0
36081017400,2805.0
36081017600,2302.0
36081017800,2086.0
36081017901,1045.0
36081018000,1652.0
36081018101,3532.0
36081018102,3680.0
36081018200,2613.0
36081018300,5058.0
36081018401,2089.0
36081018402,2855.0
36081018501,3696.0
36081018502,3071.0
36081018600,1886.0
36081018700,2760.0
36081018800,1356.0
36081018900,3106.0
36081019000,2736.0
36081019200,2214.0
36081019400,2977.0
36081019600,3175.0
36081019800,3189.0
36081020400,1986.0
36081021400,5874.0
36081021602,1479.0
36081021603,0.0
36081022002,6098.0
36081023000,1848.0
36081023200,4896.0
36081023502,2739.0
36081023600,3594.0
36081023800,4502.0
36081025100,5703.0
36081025301,3660.0
36081025302,3026.0
36081025401,3750.0
36081025402,6013.0
36081025500,1390.0
36081025700,1453.0
36081025800,2693.0
36081025900,3060.0
36081026000,2894.0
36081026200,1554.0
36081026400,2479.0
36081026600,1941.0
36081026700,5219.0
36081026901,4532.0
36081026902,4447.0
36081027000,1937.0
36081027101,5409.0
36081027102,2643.0
36081027200,1921.0
36081027302,3813.0
36081027400,1871.0
36081027500,6454.0
36081027600,1551.0
36081027701,3553.0
36081027702,3397.0
36081027800,2497.0
36081027900,8551.0
36081028000,1717.0
36081028100,6090.0
36081028200,2028.0
36081028300,7578.0
36081028400,3343.0
36081028500,4811.0
36081028700,6422.0
36081028801,2813.0
36081028802,2343.0
36081028900,4859.0
36081030903,5176.0
36081032700,3742.0
36081032800,2882.0
36081033401,3928.0
36081033403,4328.0
36081033404,6091.0
36081033700,2791.0
36081033900,3166.0
36081035100,3598.0
36081035200,2833.0
36081035300,2143.0
36081035800,4547.0
36081036100,2608.0
36081036300,2033.0
36081036600,3131.0
36081036800,2918.0
36081037600,6883.0
36081037700,3567.0
36081037900,5841.0
36081039400,3289.0
36081039800,1485.0
36081039902,1982.0
36081040000,1410.0
36081040101,2251.0
36081040200,1557.0
36081040301,2603.0
36081040302,4409.0
36081040400,3671.0
36081040501,964.0
36081040502,1686.0
36081040701,3181.0
36081040702,4430.0
36081041100,4250.0
36081041300,4596.0
36081041400,4561.0
36081041500,3999.0
36081042700,4260.0
36081043701,3468.0
36081043702,5982.0
36081043900,4150.0
36081044301,4217.0
36081044302,4864.0
36081044602,4774.0
36081044800,2871.0
36081045000,2088.0
36081045600,1183.0
36081045700,3185.0
36081045900,3480.0
36081046100,2739.0
36081046400,1998.0
36081046700,6774.0
36081046901,4691.0
36081046902,3177.0
36081047000,3187.0
36081047300,4242.0
36081047802,1422.0
36081048000,2370.0
36081048100,6551.0
36081048400,4942.0
36081049201,2545.0
36081049202,2338.0
36081049301,2306.0
36081049302,3320.0
36081049500,1272.0
36081049600,3040.0
36081049700,2693.0
36081050202,1398.0
36081050400,1733.0
36081050600,1504.0
36081050800,2035.0
36081051600,2161.0
36081051800,2186.0
36081052000,1753.0
36081052100,1841.0
36081052200,2233.0
36081052400,2150.0
36081052600,2352.0
36081052800,1577.0
36081053000,2510.0
36081053200,2163.0
36081053601,1761.0
36081053800,1714.0
36081053902,27.0
36081054000,4325.0
36081054200,5520.0
36081054500,3675.0
36081054800,2382.0
36081055100,4363.0
36081055400,2599.0
36081055500,2295.0
36081055600,2233.0
36081055700,3386.0
36081055800,1649.0
36081055900,1129.0
36081056100,12.0
36081056200,1399.0
36081056500,1850.0
36081056600,1546.0
36081056700,4601.0
36081057700,3926.0
36081058200,5141.0
36081058500,4010.0
36081058700,3486.0
36081058900,4618.0
36081059000,1258.0
36081059100,4799.0
36081059900,1493.0
36081060600,1176.0
36081061200,1839.0
36081061302,0.0
36081061400,1357.0
36081061800,2037.0
36081062300,2111.0
36081062500,2637.0
36081062600,3298.0
36081062700,2831.0
36081062900,3289.0
36081063200,2499.0
36081064101,2328.0
36081064600,3076.0
36081065000,2862.0
36081065401,3098.0
36081065402,0.0
36081065600,5282.0
36081065702,1264.0
36081065703,3229.0
36081066000,3564.0
36081066301,2712.0
36081066302,0.0
36081066402,3525.0
36081066403,5738.0
36081066701,2576.0
36081067100,2339.0
36081067700,1893.0
36081068200,1091.0
36081068300,4059.0
36081069300,2902.0
36081069500,2363.0
36081069701,4054.0
36081070700,2504.0
36081071304,6352.0
36081071701,4979.0
36081071900,3299.0
36081072100,5595.0
36081072300,2270.0
36081072900,1406.0
36081073700,2088.0
36081073900,5420.0
36081074100,3102.0
36081074300,3953.0
36081074500,4275.0
36081075701,5031.0
36081075702,5237.0
36081077902,5643.0
36081077903,3410.0
36081077906,3946.0
36081077907,3294.0
36081077908,3061.0
36081078800,2183.0
36081079000,3137.0
36081079200,2732.0
36081079300,0.0
36081079701,6565.0
36081079702,3627.0
36081079900,3151.0
36081080301,3964.0
36081080302,3616.0
36081081800,3739.0
36081083700,5254.0
36081083800,5291.0
36081084000,6942.0
36081084500,4460.0
36081084601,2687.0
36081084901,3038.0
36081084902,3774.0
36081085700,5814.0
36081085900,5586.0
36081086400,2884.0
36081086500,4679.0
36081087100,5400.0
36081088903,4707.0
36081089202,0.0
36081091602,16.0
36081092500,3799.0
36081092800,3341.0
36081094700,2773.0
36081097206,2635.0
36081097207,0.0
36081099704,7118.0
36081100801,2911.0
36081100804,5308.0
36081101002,6112.0
36081101003,4533.0
36081101004,6314.0
36081103300,4387.0
36081103900,6540.0
36081104700,6679.0
36081105900,3641.0
36081109300,2899.0
36081109700,1900.0
36081109900,3398.0
36081113300,1428.0
36081114100,2458.0
36081114700,1854.0
36081115100,982.0
36081115500,2189.0
36081115700,3136.0
36081115900,3888.0
36081116100,3624.0
36081116301,4331.0
36081117100,2525.0
36081117500,4464.0
36081118100,1952.0
36081118500,1999.0
36081118700,2507.0
36081119100,3222.0
36081119300,2534.0
36081119500,1363.0
36081119900,1681.0
36081120300,1551.0
36081120500,2669.0
36081120701,3132.0
36081120702,0.0
36081121500,4420.0
36081122300,3166.0
36081122703,5896.0
36081122704,5015.0
36081124100,3822.0
36081129104,4192.0
36081133900,1429.0
36081134100,2857.0
36081136700,5903.0
36081137700,6759.0
36081138501,4189.0
36081140300,2214.0
36081140901,930.0
36081140902,2505.0
36081142900,3678.0
36081144100,3002.0
36081144700,3470.0
36081145101,1103.0
36081145102,2361.0
36081145900,2781.0
36081146300,2934.0
36081146700,2762.0
36081147100,3810.0
36081150702,3134.0
36081155101,2174.0
36081155104,3239.0
36081157902,3681.0
36005036100,4690.0
36005012701,2129.0
36005042600,6669.0
36061003800,7282.0
36061001502,8375.0
36061004800,6972.0
36061006400,7729.0
36061017800,3786.0
36081094201,3533.0
36081111300,2714.0
36081148300,2974.0
36081080900,7864.0
36081122702,6209.0
36081139900,1547.0
36081143500,2343.0
36081157901,5064.0
36081157903,3671.0
36081042400,2652.0
36081043400,1962.0
36081042600,445.0
36081043200,1200.0
36081045200,911.0
36081005900,4208.0
36081006100,5207.0
36081058100,2779.0
36081058300,3495.0
36061023501,7506.0
36081047900,6032.0
36081062400,0.0
36061022302,2870.0
36081133300,3886.0
36005021200,5322.0
36081065501,0.0
36061014401,5006.0
36061001600,7221.0
36061001200,4173.0
36005042901,3397.0
36005043102,4458.0
36081026300,4559.0
36081005400,5341.0
36081008600,3341.0
36081066401,2241.0
36081066900,1692.0
36081048500,5205.0
36081012500,1360.0
36005029301,1874.0
36081013000,1829.0
36081073100,1724.0
36081026502,1393.0
36081026501,3031.0
36081048301,2061.0
36005002800,5462.0
36081066100,1573.0
36081065900,1974.0
36081066501,4003.0
36081102900,3814.0
36081063500,2655.0
36081062100,2667.0
36081063700,3455.0
36081077500,2144.0
36005039700,4219.0
36005039300,8847.0
36081063900,3113.0
36081046300,4020.0
36081047100,4244.0
36005035000,1887.0
36081024900,5228.0
36081026100,7175.0
36061021000,6552.0
36061021200,5225.0
36061015502,5500.0
36081010701,0.0
36081012301,3343.0
36081085300,4828.0
36081161700,4843.0
36081099701,2507.0
36081101700,6826.0
36005023702,1021.0
36005039901,4855.0
36005040100,4749.0
36081085500,5807.0
36081086300,7479.0
36081028803,0.0
36081029400,8578.0
36005014300,1647.0
36081004401,3493.0
36081005800,6242.0
36061020101,1968.0
36081116302,3687.0
36081116700,1892.0
36081090700,1533.0
36081091900,5235.0
36081000103,35.0
36081051500,3062.0
36081000102,6790.0
36061013700,6600.0
36061013900,9952.0
36061014500,7329.0
36081010600,2785.0
36081016600,4015.0
36005003300,3577.0
36081056000,1695.0
36061022700,5887.0
36061025900,4790.0
36061006000,5077.0
36081015500,2119.0
36081015900,3699.0
36081000101,4665.0
36081107201,2294.0
36081107202,0.0
36061009901,1948.0
36061014601,3940.0
36061014602,8144.0
36061014802,7150.0
36061026100,12041.0
36061025300,10189.0
36061026300,8342.0
36061019000,3735.0
36061000700,9134.0
36061000900,1966.0
36061003001,4270.0
36061005900,5120.0
36061012800,5163.0
36061004900,4203.0
36061013203,4276.0
36061013400,10475.0
36061013800,11607.0
36061014000,8051.0
36061013603,4459.0
36061013604,4030.0
36061014402,6799.0
36061014200,3979.0
36061002202,2502.0
36061003002,2833.0
36061018200,7266.0
36061018800,4685.0
36061017900,9875.0
36061018300,8440.0
36081045500,12747.0
36081071702,4448.0
36005038304,2231.0
36005036502,2287.0
36005036700,2718.0
36005007700,1966.0
36061023200,9183.0
36005043502,0.0
36005022401,2433.0
36061020901,3656.0
36061025700,4443.0
36061019701,962.0
36061020102,4148.0
36005015500,3016.0
36005038500,5218.0
36005028300,2325.0
36005028500,3422.0
36061006600,11034.0
36061005600,3822.0
36061007400,5355.0
36081009100,1928.0
36081076902,1570.0
36081029900,0.0
36005027401,4973.0
36081071306,7192.0
36081129103,4179.0
36061023300,7367.0
36081053501,1162.0
36081052500,2152.0
36081059502,2676.0
36005016500,1311.0
36005041100,3418.0
36005041300,7329.0
36081157101,8073.0
36081157102,1840.0
36005045101,1695.0
36081001901,1738.0
36061012902,2594.0
36061013501,4872.0
36061013502,5873.0
36005014500,6899.0
36005014701,6094.0
36081001903,2060.0
36061011500,3947.0
36081008800,3679.0
36081006202,7327.0
36061015900,9194.0
36085000300,1889.0
36085000600,2568.0
36085000700,5482.0
36085000900,2209.0
36085001100,4852.0
36085001700,1638.0
36085002700,2627.0
36085002900,5495.0
36085004001,2787.0
36085004002,2411.0
36085004003,3517.0
36085004004,3834.0
36085005000,4669.0
36085007001,2739.0
36085007400,4854.0
36085008100,4784.0
36085009701,4523.0
36085009702,40.0
36085010500,5637.0
36085011201,5411.0
36085011203,7029.0
36085011401,2918.0
36085012100,3134.0
36085012200,4783.0
36085012805,2384.0
36085012806,6075.0
36085013301,1176.0
36085013400,3868.0
36085015400,0.0
36085016901,3586.0
36085017007,6346.0
36085017009,4880.0
36085017012,5363.0
36085017013,4617.0
36085017014,4141.0
36085017015,3167.0
36085017300,2791.0
36085017701,4246.0
36085018703,3835.0
36085018901,5814.0
36085018902,5643.0
36085019700,1975.0
36085020100,3356.0
36085020702,2928.0
36085020804,5124.0
36085020805,6559.0
36085020806,2533.0
36085022300,3263.0
36085022601,7483.0
36085022801,37.0
36085023900,3108.0
36085024401,6270.0
36085024402,5013.0
36085025100,6459.0
36085027301,4494.0
36085027302,4872.0
36085027704,5174.0
36085027705,6119.0
36085030302,6123.0
36085031902,4657.0
36047000301,4501.0
36047000501,4541.0
36047001502,5238.0
36047002000,1733.0
36047003000,1844.0
36047003101,4074.0
36047003102,0.0
36047003600,3843.0
36047003800,1539.0
36047004100,3314.0
36047004400,2255.0
36047004500,3898.0
36047004900,2795.0
36047005000,2564.0
36047005201,1751.0
36047005202,2681.0
36047005301,2095.0
36047005303,136.0
36047005400,3425.0
36047005601,2577.0
36047005800,3115.0
36047006000,2793.0
36047006200,2653.0
36047006400,3463.0
36047006500,6089.0
36047006600,4104.0
36047006700,4032.0
36047006800,4117.0
36047006902,1906.0
36047007100,4050.0
36047007200,1759.0
36047007400,5478.0
36047007600,4096.0
36047007800,4713.0
36047008000,3296.0
36047008200,3985.0
36047008400,2994.0
36047008500,6401.0
36047008800,3221.0
36047009001,1305.0
36047009002,1549.0
36047009202,2648.0
36047009401,1946.0
36047009402,3280.0
36047009600,6040.0
36047009800,6713.0
36047010401,2060.0
36047010402,2174.0
36047010601,2138.0
36047010602,2088.0
36047010801,1878.0
36047010802,2419.0
36047011000,2535.0
36047011200,6611.0
36047011400,3683.0
36047011600,3233.0
36047011800,1867.0
36047012000,1225.0
36047012100,2157.0
36047012200,4655.0
36047012600,3020.0
36047012700,4286.0
36047012902,3822.0
36047013000,5598.0
36047013200,2088.0
36047013700,3101.0
36047013900,3574.0
36047014000,1791.0
36047014200,3534.0
36047014700,2373.0
36047014800,1233.0
36047014901,1540.0
36047014902,4054.0
36047015000,1437.0
36047015700,5071.0
36047016000,4426.0
36047016100,3468.0
36047016300,4370.0
36047016600,2201.0
36047017000,3503.0
36047017200,2746.0
36047017400,1925.0
36047017500,0.0
36047017600,2228.0
36047017800,2517.0
36047017900,4183.0
36047018000,2948.0
36047018200,3708.0
36047018300,2821.0
36047018400,2108.0
36047018501,4583.0
36047018600,1907.0
36047018700,1356.0
36047018800,2865.0
36047019000,4171.0
36047019200,3118.0
36047019400,3293.0
36047019600,3872.0
36047019700,3619.0
36047019800,1823.0
36047019900,4311.0
36047020000,2337.0
36047020100,3993.0
36047020200,1717.0
36047020400,2037.0
36047020500,3834.0
36047020600,2590.0
36047020800,2573.0
36047021200,3150.0
36047021400,2580.0
36047021600,3885.0
36047021800,2760.0
36047022000,5854.0
36047022200,4050.0
36047022400,5786.0
36047022600,2844.0
36047022700,4833.0
36047022800,3496.0
36047023000,4202.0
36047023100,3530.0
36047023200,6611.0
36047023400,5663.0
36047023600,6444.0
36047023800,5584.0
36047024000,5598.0
36047024200,3402.0
36047024400,3556.0
36047024600,3298.0
36047024800,2543.0
36047024900,4147.0
36047025000,1433.0
36047025200,4460.0
36047025400,3437.0
36047025500,4940.0
36047025600,2815.0
36047025700,3370.0
36047025800,4068.0
36047025901,2217.0
36047025902,3796.0
36047026000,2909.0
36047026200,2645.0
36047026400,4554.0
36047026500,4101.0
36047026600,3431.0
36047026700,4057.0
36047026800,4416.0
36047026900,3444.0
36047027000,2582.0
36047027200,3750.0
36047027300,4176.0
36047027400,2943.0
36047027500,5272.0
36047027600,3680.0
36047027700,4303.0
36047027800,3134.0
36047027900,4266.0
36047028000,1708.0
36047028100,5240.0
36047028200,3239.0
36047028400,3675.0
36047028501,589.0
36047028600,5092.0
36047028700,3398.0
36047028800,3578.0
36047029000,3710.0
36047029100,3461.0
36047029300,3181.0
36047029500,4043.0
36047029600,6463.0
36047029800,3877.0
36047029900,3328.0
36047030000,4165.0
36047030200,3850.0
36047030300,5477.0
36047030400,4525.0
36047030600,1903.0
36047030700,6299.0
36047030800,1792.0
36047030900,2279.0
36047031100,3534.0
36047031300,4415.0
36047031401,4912.0
36047031402,0.0
36047031500,5179.0
36047031701,4300.0
36047031900,3412.0
36047032100,4995.0
36047032300,3589.0
36047032600,10531.0
36047032900,5411.0
36047033100,3822.0
36047033300,4519.0
36047033600,4762.0
36047033701,2742.0
36047033900,5012.0
36047034000,2172.0
36047034100,2564.0
36047034200,6667.0
36047034300,4548.0
36047034500,2703.0
36047034700,3728.0
36047034800,3011.0
36047034901,2324.0
36047034902,3396.0
36047035000,3169.0
36047035101,1735.0
36047035102,3400.0
36047035200,1529.0
36047035301,2483.0
36047035302,3064.0
36047035500,5046.0
36047035601,2326.0
36047035602,6581.0
36047035701,2398.0
36047035702,0.0
36047035900,6794.0
36047036001,2844.0
36047036002,3731.0
36047036100,3358.0
36047036200,3090.0
36047036300,5430.0
36047036400,2288.0
36047036501,3139.0
36047036900,5626.0
36047037000,4171.0
36047037401,4758.0
36047037500,3748.0
36047037700,5090.0
36047037900,4012.0
36047038100,5138.0
36047038200,5225.0
36047038300,5466.0
36047038500,3823.0
36047038800,5353.0
36047038900,3277.0
36047039000,2681.0
36047039200,3091.0
36047039400,2259.0
36047039600,1708.0
36047039900,3745.0
36047040200,2414.0
36047040300,3982.0
36047040400,2604.0
36047040500,1653.0
36047040600,3726.0
36047040700,0.0
36047040900,3891.0
36047041100,2631.0
36047041300,3851.0
36047041401,1237.0
36047041402,2062.0
36047041500,4300.0
36047041600,1784.0
36047041700,3402.0
36047041800,2350.0
36047041900,3479.0
36047042100,4712.0
36047042500,2709.0
36047042800,3636.0
36047042900,4630.0
36047043000,3666.0
36047043100,3864.0
36047043200,3874.0
36047043300,4029.0
36047043400,4095.0
36047043500,4897.0
36047043600,4341.0
36047043700,5034.0
36047043800,2530.0
36047044000,2586.0
36047044100,4638.0
36047044200,2268.0
36047044300,4740.0
36047044400,2677.0
36047044500,3944.0
36047044600,2123.0
36047044800,1914.0
36047045200,2543.0
36047045400,2075.0
36047045600,2362.0
36047045800,1373.0
36047046000,2997.0
36047046800,1826.0
36047047000,2629.0
36047047200,2840.0
36047047400,3211.0
36047048000,3863.0
36047048200,5580.0
36047048400,4912.0
36047048600,3189.0
36047048800,4933.0
36047048900,3597.0
36047049000,5371.0
36047049301,1941.0
36047049400,5710.0
36047049500,3284.0
36047049600,4225.0
36047049800,3950.0
36047050002,1548.0
36047050300,2803.0
36047050402,1950.0
36047050500,4121.0
36047050801,3910.0
36047050804,6637.0
36047050900,5206.0
36047051001,4488.0
36047051002,3675.0
36047051100,3817.0
36047051300,5970.0
36047051400,7213.0
36047051601,4936.0
36047051700,3087.0
36047051800,3391.0
36047051900,6051.0
36047052000,3511.0
36047052300,5077.0
36047052600,3938.0
36047052700,5553.0
36047052800,1764.0
36047052900,3723.0
36047053000,3329.0
36047053101,3020.0
36047053102,7846.0
36047053200,2280.0
36047053300,6551.0
36047053400,4620.0
36047053800,5186.0
36047054400,3544.0
36047054600,5373.0
36047054800,2304.0
36047055000,3408.0
36047055200,3359.0
36047055300,3605.0
36047055600,3353.0
36047055700,1702.0
36047055800,2145.0
36047056000,3477.0
36047056200,1779.0
36047056301,4688.0
36047056400,2631.0
36047056600,2287.0
36047056800,1319.0
36047057000,3480.0
36047057200,5501.0
36047057400,2647.0
36047057600,2649.0
36047057800,2923.0
36047058000,3008.0
36047058200,2585.0
36047058400,3588.0
36047058600,2264.0
36047058800,3539.0
36047058901,2103.0
36047058902,0.0
36047059000,1903.0
36047059100,3952.0
36047059200,3747.0
36047059300,2669.0
36047059403,3062.0
36047059404,3934.0
36047059800,3212.0
36047061002,4696.0
36047061003,2038.0
36047061004,5278.0
36047061200,1118.0
36047061600,1626.0
36047062000,1516.0
36047063200,1409.0
36047063600,1093.0
36047063800,1882.0
36047064000,1327.0
36047064200,2379.0
36047064400,2182.0
36047064600,2154.0
36047064800,1828.0
36047065000,1286.0
36047065200,1121.0
36047065400,1654.0
36047065600,1675.0
36047065800,1756.0
36047066000,1893.0
36047067000,2486.0
36047067200,1389.0
36047067400,1909.0
36047068200,2907.0
36047068600,1649.0
36047068800,1584.0
36047069000,1668.0
36047069601,3434.0
36047069800,1397.0
36047070000,1214.0
36047070203,0.0
36047072000,1678.0
36047072200,2242.0
36047072400,1586.0
36047072600,2672.0
36047072800,3153.0
36047073200,1877.0
36047073400,1142.0
36047073800,3517.0
36047074000,3287.0
36047074200,2516.0
36047074400,2648.0
36047074600,2385.0
36047074800,1504.0
36047075000,2804.0
36047075200,1146.0
36047075400,1000.0
36047075600,1720.0
36047075800,1400.0
36047076000,3205.0
36047076200,4224.0
36047076400,4302.0
36047076600,2126.0
36047076800,3895.0
36047077000,2780.0
36047077200,3068.0
36047077400,2906.0
36047077600,3448.0
36047078000,2170.0
36047078200,4086.0
36047078400,2463.0
36047078601,2220.0
36047078602,2104.0
36047078801,1695.0
36047078802,1790.0
36047079001,1664.0
36047079002,2768.0
36047079202,1942.0
36047079400,2366.0
36047079601,3232.0
36047079602,5073.0
36047079801,3316.0
36047080000,3217.0
36047080200,3878.0
36047080400,3033.0
36047080600,4038.0
36047081000,2101.0
36047081400,2692.0
36047081600,2893.0
36047081800,4639.0
36047082000,4651.0
36047082200,7104.0
36047082400,5125.0
36047082600,4122.0
36047082800,3604.0
36047083000,5673.0
36047083200,2094.0
36047083400,1839.0
36047083600,1984.0
36047083800,1931.0
36047084000,2226.0
36047084600,2038.0
36047084800,1445.0
36047085000,1383.0
36047085200,0.0
36047085400,2062.0
36047085600,3161.0
36047085800,1951.0
36047086000,2627.0
36047086200,2626.0
36047086600,2984.0
36047086800,2952.0
36047087000,3006.0
36047087600,1798.0
36047087800,2592.0
36047088001,1702.0
36047088002,1220.0
36047088200,6535.0
36047088400,5208.0
36047088800,3783.0
36047089000,7674.0
36047089200,2876.0
36047089400,3513.0
36047089600,3956.0
36047089800,2316.0
36047090000,4964.0
36047090200,4017.0
36047090600,4344.0
36047091200,6301.0
36047091600,5619.0
36047091800,2453.0
36047092400,3420.0
36047093000,2986.0
36047093200,1565.0
36047093800,2227.0
36047094401,3158.0
36047094600,1772.0
36047095600,3666.0
36047095800,2760.0
36047096200,1315.0
36047096400,2086.0
36047096600,1883.0
36047096800,1224.0
36047097000,1935.0
36047097400,2415.0
36047098400,1924.0
36047098600,2341.0
36047098800,2752.0
36047099000,1479.0
36047099200,1642.0
36047099400,1525.0
36047100400,2423.0
36047100600,2670.0
36047100800,2161.0
36047101000,2577.0
36047101200,2119.0
36047101400,1796.0
36047101600,1897.0
36047101800,1789.0
36047102000,2151.0
36047102200,2067.0
36047102400,1834.0
36047102600,2935.0
36047102801,1146.0
36047103401,3637.0
36047110600,4117.0
36047111000,2984.0
36047111600,3810.0
36047112200,3500.0
36047112400,3380.0
36047112600,4406.0
36047112800,3933.0
36047113000,4490.0
36047113400,2615.0
36047114202,2331.0
36047115000,2962.0
36047115600,4108.0
36047115800,2529.0
36047116000,2420.0
36047116200,2571.0
36047116400,3936.0
36047116600,2998.0
36047116800,2661.0
36047117000,1952.0
36047117201,1961.0
36047117202,4720.0
36047117400,3827.0
36047117601,3029.0
36047117800,1777.0
36047118000,0.0
36047118201,3674.0
36047119000,1785.0
36047119200,3885.0
36047119400,4816.0
36047119600,5979.0
36047120801,4834.0
36047120802,5247.0
36047121000,3738.0
36047121400,4512.0
36047123700,9642.0
36081032000,5501.0
36081068000,5594.0
36081048302,1719.0
36005014100,7856.0
36081024500,5102.0
36081024700,1506.0
36047007500,4766.0
36081056800,4373.0
36081058000,4287.0
36081013700,1874.0
36081014100,1613.0
36047105804,6083.0
36047107002,0.0
36005037600,2115.0
36005017300,5266.0
36005034500,4037.0
36081051100,2494.0
36005003700,418.0
36061014700,2840.0
36061015102,9611.0
36061008601,3332.0
36061008800,7567.0
36061008602,0.0
36047050803,2282.0
36047079802,5004.0
36005005300,4065.0
36081089201,9116.0
36081006201,5870.0
36081088400,8995.0
36005005902,3019.0
36085005901,3062.0
36047051200,6227.0
36005016600,2395.0
36081049900,5121.0
36081050700,3305.0
36047006300,1904.0
36047005100,2439.0
36047005900,1518.0
36085024700,2835.0
36047036600,4362.0
36081003900,1480.0
36085029106,2845.0
36085013203,7305.0
36061012901,6806.0
36081056400,1580.0
36061023900,3184.0
36047054500,8349.0
36047069602,5847.0
36047070601,2437.0
36085017016,4461.0
36005006200,6363.0
36081127700,2980.0
36081138502,92.0
36081152901,5613.0
36047010100,4606.0
36081048900,1838.0
36047014500,4681.0
36047011700,2792.0
36047014300,3675.0
36005021001,7347.0
36047038700,5312.0
36047039500,4083.0
36047028900,4147.0
36081003600,3330.0
36005003500,3481.0
36005007300,4325.0
36081001902,6561.0
36085012500,3229.0
36085014700,3367.0
36061000800,8747.0
36047056302,2449.0
36005004100,6162.0
36005004300,5400.0
36047095400,3875.0
36047096000,0.0
36047057901,1512.0
36047057902,0.0
36047099600,3079.0
36047099800,3348.0
36081017102,344.0
36061011401,1026.0
36005023800,2552.0
36061029100,10870.0
36081099100,7613.0
36005035100,3461.0
36085001800,449.0
36085002002,2727.0
36061001501,7677.0
36047062600,3046.0
36085011204,75.0
36085012804,4820.0
36047066200,1159.0
36005032300,4981.0
36005033700,3198.0
36081002200,2021.0
36081001800,3025.0
36081002000,1774.0
36061021900,5390.0
36081066404,0.0
36047005302,123.0
36005051601,3828.0
36005051602,0.0
36081021601,2512.0
36061024500,14577.0
36061025100,2502.0
36047049900,2480.0
36047050100,3089.0
36047051500,2891.0
36005040900,3323.0
36005042100,5780.0
36085015603,5417.0
36081047200,3655.0
36081047600,1604.0
36081118900,2100.0
36047093400,2175.0
36047093600,1529.0
36047092800,2663.0
36081121100,0.0
36081141700,4300.0
36005023100,1420.0
36005038100,6543.0
36081050500,1749.0
36061016002,3183.0
36061016800,5041.0
36061007900,4458.0
36061006900,2681.0
36061007500,3898.0
36047014101,1483.0
36047014102,2032.0
36081077300,2203.0
36081086100,2007.0
36081120100,1546.0
36081081400,3997.0
36005023703,4959.0
36081055200,2913.0
36081130100,4044.0
36047111800,3872.0
36047112000,3249.0
36081059600,1674.0
36081070900,2765.0
36081060000,1132.0
36081062200,2069.0
36081016300,3956.0
36081029500,3527.0
36081059200,1240.0
36081059400,1667.0
36081070300,2324.0
36081013600,1981.0
36081013800,4018.0
36081069702,4269.0
36081053401,1968.0
36081059800,1691.0
36005046000,2800.0
36081156700,1751.0
36081162100,6340.0
36005026400,5870.0
36005045102,2068.0
36081063800,3893.0
36061019400,5879.0
36005005200,1837.0
36005022701,4942.0
36085030301,5384.0
36005003100,2788.0
36005023000,2889.0
36081003400,2619.0
36047118600,3099.0
36005007800,5633.0
36005009800,4080.0
36081008100,1530.0
36081008700,3480.0
36005022901,5927.0
36005023302,3955.0
36061002100,7441.0
36005025500,6139.0
36005026100,2047.0
36005026300,6381.0
36085005902,0.0
36005038000,5023.0
36005026900,4040.0
36081128300,0.0
36081129102,3807.0
36005011701,1262.0
36085007002,5914.0
36081069000,3756.0
36081069400,4091.0
36047114201,1548.0
36047114600,3130.0
36047086400,2219.0
36047088600,4340.0
36047090800,6230.0
36005018900,8244.0
36005017701,5395.0
36061027300,7434.0
36061028100,3308.0
36005029500,4582.0
36081030600,5516.0
36081071600,0.0
36081084602,1600.0
36005018501,3775.0
36005018502,5525.0
36081061900,3046.0
36081063301,1584.0
36081063302,1862.0
36081040102,3966.0
36061019100,8055.0
36061019500,7632.0
36005028100,3565.0
36005043503,0.0
36005035800,6673.0
36005046208,5145.0
36061027900,9587.0
36061028300,8040.0
36061030300,3309.0
36061030700,3563.0
36061024302,7627.0
36081037300,2420.0
36085027702,6161.0
36085027706,3107.0
36081091800,8.0
36081092200,2338.0
36047055400,3989.0
36061028500,7094.0
36061028700,3690.0
36005038303,3662.0
36005039902,4719.0
36061023600,11042.0
36085002100,5623.0
36047004600,1143.0
36085990100,0.0
36005000100,2950.0
36081092900,7003.0
36081009900,0.0
36061024000,2395.0
36005021502,6235.0
36005021700,5006.0
36081014202,2755.0
36081014400,1671.0
36081095400,7184.0
36081096400,6865.0
36061005700,2600.0
36081024300,5607.0
36081051300,2621.0
36081051700,2068.0
36081053100,3244.0
36081094202,5623.0
36081094203,5730.0
36081040901,1818.0
36081040902,2972.0
36047001501,4565.0
36061022500,11327.0
36061022900,7702.0
36081099802,5375.0
36081099200,4359.0
36081050000,4434.0
36081050201,1358.0
36005016100,4703.0
36005016300,0.0
36081064500,2016.0
36047002300,3385.0
36047020300,2074.0
36081039901,2504.0
36005008500,5866.0
36005001902,2079.0
36047049100,6213.0
36047050700,4369.0
36005006000,1280.0
36005015700,6152.0
36047016800,1763.0
36005021301,1289.0
36005000400,6649.0
36005008400,3108.0
36081044000,3824.0
36047001801,1588.0
36047001802,0.0
36005020502,2331.0
36061000600,10302.0
36047053700,4803.0
36047053900,2470.0
36047032800,2921.0
36047033000,4721.0
36047062200,2822.0
36047002901,3177.0
36047021100,2778.0
36047013800,3800.0
36047013400,4209.0
36047013600,4090.0
36081147900,4249.0
36081150701,3123.0
36047056100,3698.0
36047056900,1662.0
36005034800,6051.0
36005046203,6756.0
36081060701,0.0
36047042700,4098.0
36047045300,1823.0
36005030201,3681.0
36047070201,6531.0
36047070602,0.0
36085020701,3364.0
36085021300,5680.0
36047021900,4258.0
36047031702,3622.0
36081061601,2257.0
36081061602,968.0
36047000700,4243.0
36047098200,3962.0
36047110400,5199.0
36081071100,5759.0
36081037501,1487.0
36081037502,2669.0
36081027301,3098.0
36081046500,4147.0
36061011600,2721.0
36061012400,8984.0
36061016300,7253.0
36061016700,7884.0
36047117602,3393.0
36005038700,3610.0
36005038900,5412.0
36081047500,5006.0
36061008700,5376.0
36061009100,6539.0
36061019800,2511.0
36061020000,2763.0
36005002001,4199.0
36005000200,5061.0
36005002400,105.0
36005006900,6077.0
36047070202,14.0
36047032500,7964.0
36081033000,6943.0
36081033405,3643.0
36047036502,2389.0
36047036700,2091.0
36081062000,1545.0
36081063000,1614.0
36081011000,2818.0
36081011600,2226.0
36081011800,2689.0
36047011902,0.0
36047000100,4815.0
36047000502,2704.0
36081103201,6296.0
36081103202,7864.0
36047057100,3923.0
36047057300,2720.0
36047057500,4596.0
36061004400,16963.0
36085000800,5178.0
36081108500,2795.0
36081113900,4051.0
36081010300,3915.0
36081010500,4668.0
36061021100,9865.0
36005007100,2805.0
36005007500,6353.0
36081030904,2721.0
36005041400,5483.0
36005041800,3396.0
36005019300,5949.0
36081059501,1903.0
36081060100,2084.0
36081059300,4040.0
36005036400,2304.0
36005036800,1958.0
36081044400,4178.0
36081046800,3763.0
36061006200,3886.0
36047056500,3332.0
36061014300,0.0
36061021600,8912.0
36005036000,2779.0
36005022403,2782.0
36061015200,7667.0
36047022900,3650.0
36047010000,5489.0
36047010200,5201.0
36005016900,1944.0
36005016700,3015.0
36005017100,0.0
36047013500,4294.0
36047015500,3443.0
36085032300,1030.0
36047092200,2842.0
36081099703,3931.0
36005033201,4050.0
36005033202,3628.0
36005033000,5197.0
36005033801,2011.0
36047002200,4650.0
36047007000,2591.0
36047015900,5377.0
36005033802,1579.0
36005037200,2017.0
36047032700,2980.0
36061000500,0.0
36047004700,1999.0
36047008600,0.0
36047009201,1986.0
36047042300,4523.0
36047039300,3798.0
36005023501,2963.0
36005023502,4490.0
36005019700,7628.0
36005006302,0.0
36005019900,6852.0
36061023700,6677.0
36047019500,4104.0
36047019100,3029.0
36047019300,6619.0
36081099705,2813.0
36081099900,0.0
36085009602,3800.0
36085017702,2117.0
36047042400,3723.0
36047042600,4528.0
36047016400,980.0
36047042000,1662.0
36047054200,4061.0
36085003300,3821.0
36047073000,2109.0
36047073600,2918.0
36085013302,3216.0
36085014100,2554.0
36047114400,2423.0
36047022100,3724.0
36047030500,6968.0
36081124700,3911.0
36081126700,4332.0
36081112300,2341.0
36081112900,2204.0
36047012801,1987.0
36047021000,3794.0
36047003400,3351.0
36047002100,6452.0
36047054700,9666.0
36047054900,4530.0
36047055100,6185.0
36047055500,8974.0
36005024000,3855.0
36081091604,0.0
36047039700,3356.0
36081047801,4075.0
36081048200,1311.0
36005006100,3369.0
36081091603,4413.0
36061003100,2910.0
36061004500,957.0
36061003300,5951.0
36061004700,2187.0
36061003700,3460.0
36061003900,5699.0
36081003301,4042.0
36061015601,5172.0
36061015602,2244.0
36005019400,2117.0
36005027402,3492.0
36047039800,2586.0
36047040000,2570.0
36047001804,0.0
36081013200,1960.0
36081013400,5802.0
36081060300,1924.0
36005009200,5888.0
36085029104,6879.0
36085029105,4467.0
36085007700,1793.0
36047023300,5988.0
36047023500,5527.0
36047029200,2501.0
36047029400,2072.0
36081077904,5096.0
36081077905,3284.0
36081125700,3162.0
36081126500,2085.0
36047050600,5233.0
36047115200,2558.0
36047119800,3514.0
36061009000,7239.0
36061009800,8874.0
36005039400,4323.0
36005039600,3763.0
36061029700,13.0
36047044700,2337.0
36081053901,4129.0
36047038600,3042.0
36047016500,5742.0
36047150200,2884.0
36047041200,2789.0
36047042200,3163.0
36047045000,1147.0
36047033500,3743.0
36047033702,1993.0
36005018101,2881.0
36005018302,3295.0
36047021300,4523.0
36047021700,4210.0
36047037300,4952.0
36047040100,3354.0
36005023704,3358.0
36005038301,4553.0
36005009600,1978.0
36081038301,0.0
36085011402,3192.0
36081093401,4231.0
36081093402,4165.0
36081093800,5001.0
36047000200,1288.0
36047001803,11.0
36047005602,1791.0
36047016200,2267.0
36047007700,5974.0
36047040800,3676.0
36047041000,1899.0
36085015100,5070.0
36085018701,1915.0
36081013500,1332.0
36061016200,9320.0
36061017000,8791.0
36081001400,3609.0
36081064102,0.0
36005037800,3505.0
36005043501,1011.0
36005025600,1582.0
36005020000,4419.0
36047026100,5743.0
36047026300,2216.0
36047039100,5428.0
36081045800,2347.0
36081046200,6102.0
36081046600,4066.0
36047016900,4714.0
36047017100,4139.0
36047004300,3769.0
36047006901,1785.0
36047013100,3533.0
36047011901,1378.0
36047013300,4264.0
36047016700,4800.0
36047015100,4060.0
36047015300,2638.0
36061006500,5585.0
36061006300,5759.0
36061007100,5231.0
36047049700,3361.0
36047047700,3918.0
36047048100,3010.0
36081020800,4190.0
36081021200,2517.0
36081045400,4950.0
36081046000,6027.0
36081024000,6558.0
36081024600,0.0
36081044601,3779.0
36047003700,4385.0
36061005000,4774.0
36061005200,3543.0
36081071303,5303.0
36081071305,6007.0
36047030100,3171.0
36047037100,4309.0
36005018301,3933.0
36005019500,7738.0
36047000900,5227.0
36047048500,2369.0
36047049302,4714.0
36047027100,3652.0
36047029700,4004.0
36047003900,2986.0
36047012901,2539.0
36047020700,4628.0
36047024500,4383.0
36047024700,2547.0
36047018100,3905.0
36047024100,3154.0
36047024300,4419.0
36047025100,3990.0
36047025300,3904.0
36061021400,2953.0
36061023000,8773.0
36047021500,5595.0
36047003300,4125.0
36047003500,2178.0
36081003800,2185.0
36081004001,2063.0
36081054700,5210.0
36047044901,2715.0
36047044902,0.0
36047052500,3321.0
36047053500,4611.0
36081004200,4651.0
36081005200,2303.0
36047043900,4172.0
36081054900,5287.0
36081055300,2911.0
36085018704,4659.0
36061002500,4476.0
36061002901,562.0
36061011700,5363.0
36061002601,4199.0
36061003200,7866.0
36081097205,3318.0
36061031703,5887.0
36061031704,10097.0
36085003900,2215.0
36085004700,2941.0
36061020300,3989.0
36061020500,5532.0
36061020800,5391.0
36061022400,6682.0
36061026900,7601.0
36005048401,3892.0
36005048402,0.0
36081035700,4448.0
36081037100,1526.0
36047105801,5655.0
36081030906,4116.0
36081029700,2391.0
36081030905,3780.0
36081029100,6259.0
36081029300,1214.0
36081020500,1324.0
36005037900,6961.0
36005039500,4389.0
36005027600,154.0
36005030000,6944.0
36085018100,3599.0
36085014604,7039.0
36047060600,2792.0
36047060800,3549.0
36047091000,5837.0
36047051602,3477.0
36047079201,1382.0
36047109800,2348.0
36047092000,3202.0
36047113200,2637.0
36047015200,2294.0
36047015400,0.0
36081074900,1620.0
36081076901,5452.0
36081000104,281.0
36081000701,3691.0
36081086900,1980.0
36081088902,6357.0
36081022001,6402.0
36085006400,3425.0
36085009601,4326.0
36085006700,3069.0
36085007500,3150.0
36085017005,4526.0
36085017600,5169.0
36085019800,7350.0
36085020803,7627.0
36047050202,2413.0
36081019903,0.0
36061001300,5062.0
36061031900,0.0
36085022602,1373.0
36085024800,4769.0
36061023802,4704.0
36061023803,3270.0
36061009700,4875.0
36061010300,3410.0
36005014702,4950.0
36005017702,5232.0
36047087401,3127.0
36047080800,2044.0
36047087200,3127.0
36085015601,6214.0
36085015602,3650.0
36085017011,4745.0
36005028400,374.0
36005029600,2367.0
36081002500,6530.0
36081003700,0.0
36081099801,9023.0
36081100803,4732.0
36061002700,1101.0
36061002902,3493.0
36061007600,2362.0
36061008400,1765.0
36081097202,3479.0
36081097204,4254.0
36081038100,6999.0
36085002001,2904.0
36085003600,2615.0
36005033500,2236.0
36005041900,6215.0
36005042500,6810.0
36005008900,2949.0
36005015900,2407.0
36081020200,1688.0
36081020600,1585.0
36047001100,1580.0
36047001300,2518.0
36005012101,3293.0
36005001901,2260.0
36005005600,2501.0
36005005400,5482.0
36061019200,3868.0
36061024200,5847.0
36047060000,6451.0
36081019901,459.0
36081019902,181.0
36081097300,2116.0
36081098100,2486.0
36005013100,5288.0
36005015100,5216.0
36061011000,6760.0
36085014605,3724.0
36005020601,2852.0
36005022200,3330.0
36047107800,3716.0
36047122000,6991.0
36081021900,0.0
36081053502,0.0
36047120000,2922.0
36047120803,1350.0
36061023804,3546.0
36005013800,3062.0
36047054300,0.0
36005005001,4878.0
36005005002,6275.0
36061027700,6441.0
36061029900,3532.0
36081093900,5819.0
36081094500,3958.0
36085013201,1657.0
36085013204,4948.0
36081067900,4303.0
36081068700,4405.0
36005024700,1756.0
36081036500,3289.0
36081036700,2935.0
36005024502,4226.0
36005024900,0.0
36085029102,3355.0
36061010602,5214.0
36005009000,3861.0
36005011000,0.0
36061008603,4970.0
36061010601,7753.0
36081022900,0.0
36081023501,3614.0
36061004200,5141.0
36061006100,5319.0
36061026700,2227.0
36061031100,0.0
36047107001,4672.0
36047107003,0.0
36061001001,1745.0
36061026500,7702.0
36061027500,3164.0
36005020100,3845.0
36005020501,8397.0
36005021100,5922.0
36047102802,0.0
36047103402,0.0
36061001401,3707.0
36081000400,4102.0
36047118202,3288.0
36085022802,0.0
36085014608,3592.0
36085014607,4754.0
36085027900,2148.0
36081000600,3549.0
36047118400,4826.0
36081061000,1318.0
36081038400,2634.0
36081060800,1592.0
36081051000,1490.0
36081051200,2683.0
36047046202,1914.0
36047047600,3865.0
36047047800,5251.0
36081057900,1671.0
36081061301,5205.0
36005006500,5024.0
36005006700,7664.0
36005021602,6027.0
36061001402,3463.0
36061001800,6706.0
36081032900,3715.0
36081034700,3976.0
36047094402,2371.0
36047095000,2333.0
36005025700,1685.0
36005005100,7261.0
36005006301,7053.0
36047046201,2311.0
36047046400,3327.0
36081038302,0.0
36081074700,3681.0
36047118800,4778.0
36047120200,1999.0
36047049200,3115.0
36047152200,2913.0
36047017700,0.0
36047028300,3976.0
36047028502,3144.0
36061000201,2666.0
36061000202,6763.0
36047035400,6075.0
36047037402,5843.0
36047050001,2282.0
36047050401,2518.0
36081031700,5965.0
36081033100,0.0
36005029700,4157.0
36005030701,5743.0
36005030100,1570.0
36061008200,3450.0
36061009400,70.0
36061009903,1465.0
36061011100,4711.0
36047059402,5713.0
36047059600,2261.0
36085023100,4759.0
36085031901,3948.0
36047068000,1759.0
36047069200,2301.0
36047067600,1510.0
36047067800,2569.0
36061024100,7915.0
36061024700,6102.0
36061025500,5562.0
36081134701,4809.0
36081134702,4532.0
36005011800,5057.0
36081098700,2591.0
36005029302,5439.0
36005012300,4712.0
36005011900,5879.0
36005009302,319.0
36005009301,5754.0
36005011502,3935.0
36081152902,6530.0
36081155103,4328.0
36005022000,1872.0
36005033400,32.0
36005007900,6829.0
36005008300,6287.0
36005021601,4118.0
36005021800,6050.0
36005001903,0.0
36005001904,0.0
36005028900,4461.0
36061030900,10253.0
36005031000,4618.0
36005035600,2207.0
36005046205,3633.0
36061018500,5060.0
36061018900,10267.0
36005030202,6165.0
36005050400,0.0
36085013800,6090.0
36085014606,6450.0
36061001002,6513.0
36061002000,5048.0
36061002400,4523.0
36047062800,4838.0
36047066600,0.0
36081017101,0.0
36081017902,69.0
