GEOID,median_income
36061000100,
36061002201,39961.0
36061002602,89970.0
36061002800,70691.0
36061003400,121413.0
36061003601,57000.0
36061003602,155000.0
36061004001,150661.0
36061004002,196833.0
36061004100,101893.0
36061004300,122730.0
36061005400,124732.0
36061005501,214306.0
36061005502,179844.0
36061005800,206827.0
36061006700,131304.0
36061006800,128919.0
36061007001,163287.0
36061007002,154965.0
36061007200,136979.0
36061007300,175590.0
36061007700,230044.0
36061007800,134092.0
36061008000,177105.0
36061008100,134538.0
36061008300,75000.0
36061008900,102260.0
36061009200,166638.0
36061009300,122586.0
36061009500,222321.0
36061009600,
36061009902,162845.0
36061010000,99875.0
36061010100,108304.0
36061010200,
36061010400,193026.0
36061010801,160719.0
36061010802,134004.0
36061010803,119178.0
36061010900,163542.0
36061011201,163750.0
36061011202,211563.0
36061011203,167083.0
36061011300,93750.0
36061011402,206818.0
36061011800,139332.0
36061011900,18050.0
36061012000,192644.0
36061012101,63690.0
36061012102,62727.0
36061012200,222909.0
36061012500,171250.0
36061012601,136781.0
36061012602,232600.0
36061012700,120214.0
36061013000,212414.0
36061013100,136346.0
36061013201,162054.0
36061013202,101836.0
36061013300,156829.0
36061013601,250001.0
36061013602,188628.0
36061014801,202670.0
36061014900,184896.0
36061015001,194659.0
36061015002,243480.0
36061015101,44107.0
36061015301,186949.0
36061015302,189453.0
36061015401,122860.0
36061015402,147589.0
36061015403,129848.0
36061015501,186563.0
36061015700,163712.0
36061015801,177750.0
36061015802,95391.0
36061016001,250001.0
36061016100,179179.0
36061016400,26544.0
36061016500,213661.0
36061016600,50231.0
36061016900,184268.0
36061017100,149587.0
36061017200,34024.0
36061017300,162625.0
36061017401,37975.0
36061017402,81364.0
36061017500,154118.0
36061017700,108429.0
36061018000,50560.0
36061018100,114966.0
36061018400,51866.0
36061018600,50862.0
36061018700,145459.0
36061019300,67090.0
36061019600,28069.0
36061019702,111250.0
36061019900,83929.0
36061020600,50864.0
36061020701,92788.0
36061021303,57119.0
36061021500,56884.0
36061021703,
36061021800,47193.0
36061022000,74151.0
36061022102,67669.0
36061022200,84071.0
36061022301,50668.0
36061022600,86559.0
36061022800,63413.0
36061023100,69949.0
36061023400,62346.0
36061023502,44491.0
36061024301,74226.0
36061024900,68000.0
36061027100,71595.0
36061029300,35987.0
36061029500,87108.0
36005001600,52147.0
36005002002,18649.0
36005002300,16332.0
36005002500,35582.0
36005002701,20266.0
36005002702,30895.0
36005003800,54214.0
36005003900,25625.0
36005004001,78935.0
36005004200,55404.0
36005004400,24375.0
36005004600,30714.0
36005004800,35870.0
36005006400,41429.0
36005006800,32550.0
36005007000,40417.0
36005007200,58244.0
36005007400,69363.0
36005007600,53320.0
36005008600,22671.0
36005008700,40188.0
36005011702,
36005012102,28200.0
36005012500,55772.0
36005012901,39409.0
36005013000,59595.0
36005013200,107563.0
36005013300,28560.0
36005013500,26125.0
36005014400,30288.0
36005014900,35982.0
36005015200,81875.0
36005015300,33028.0
36005015800,87656.0
36005016000,90221.0
36005016200,121645.0
36005016400,69057.0
36005017500,18474.0
36005017901,47778.0
36005017902,42870.0
36005018102,31618.0
36005018400,92273.0
36005020200,53491.0
36005020400,55947.0
36005020900,38333.0
36005021002,73188.0
36005021302,37049.0
36005021501,37171.0
36005021900,48444.0
36005022101,52176.0
36005022102,33614.0
36005022300,45257.0
36005022404,61760.0
36005022500,50243.0
36005022702,34145.0
36005022703,60694.0
36005022800,83859.0
36005022902,47833.0
36005023200,50893.0
36005023301,37936.0
36005023600,52368.0
36005023900,37543.0
36005024100,22361.0
36005024300,30446.0
36005024400,82083.0
36005024501,45900.0
36005024600,97115.0
36005024800,61210.0
36005025000,109896.0
36005025100,36845.0
36005025200,83688.0
36005025300,42976.0
36005025400,90108.0
36005026500,71688.0
36005026601,51042.0
36005026602,53969.0
36005026701,52286.0
36005026702,75924.0
36005027300,51730.0
36005027700,48750.0
36005027900,72721.0
36005028600,72692.0
36005028700,62500.0
36005028800,97969.0
36005030900,117333.0
36005031200,108056.0
36005031400,111800.0
36005031600,79263.0
36005031800,96000.0
36005031900,
36005032400,31489.0
36005032600,89323.0
36005032800,49720.0
36005033601,20765.0
36005033602,70475.0
36005034000,63500.0
36005034200,73298.0
36005034300,76940.0
36005034400,79167.0
36005035900,34472.0
36005036300,27273.0
36005036501,47739.0
36005036901,16232.0
36005036902,36484.0
36005037000,108523.0
36005037100,39932.0
36005037300,50000.0
36005037400,35785.0
36005037504,40219.0
36005038200,83125.0
36005038600,68481.0
36005038800,61000.0
36005039000,56563.0
36005039100,34663.0
36005039200,67917.0
36005039800,28491.0
36005040302,37756.0
36005040303,42750.0
36005040304,36913.0
36005040400,65451.0
36005040501,42386.0
36005040502,38884.0
36005040600,48857.0
36005040701,46188.0
36005040702,33946.0
36005040800,41555.0
36005041500,50579.0
36005042000,31776.0
36005042200,75201.0
36005042300,71422.0
36005042400,106468.0
36005042800,168646.0
36005042902,44663.0
36005043000,85074.0
36005043101,40089.0
36005043400,76036.0
36005043600,84735.0
36005044200,56434.0
36005044400,89615.0
36005044800,104094.0
36005044901,91419.0
36005044902,99297.0
36005045600,79386.0
36005045800,30453.0
36005046204,63652.0
36005046206,67234.0
36005046207,59838.0
36005046209,30185.0
36081000200,84643.0
36081000702,132368.0
36081000800,111856.0
36081001000,85625.0
36081001200,86524.0
36081001600,77500.0
36081002400,88421.0
36081002600,135267.0
36081002800,89545.0
36081003000,120417.0
36081003100,121908.0
36081003200,130160.0
36081003302,80385.0
36081004002,49379.0
36081004300,26814.0
36081004500,97462.0
36081004700,56333.0
36081005000,
36081005100,90104.0
36081005300,113816.0
36081005500,81310.0
36081005700,94142.0
36081006300,137746.0
36081006501,94628.0
36081006502,80539.0
36081006900,121526.0
36081007100,89562.0
36081007300,101691.0
36081007500,79634.0
36081007700,139267.0
36081007900,111875.0
36081008300,94803.0
36081008500,82708.0
36081009400,73636.0
36081009500,127946.0
36081009600,124423.0
36081009700,121088.0
36081009800,84458.0
36081010000,114327.0
36081010100,147308.0
36081010200,107270.0
36081010400,95781.0
36081010800,108299.0
36081011100,111125.0
36081011200,69030.0
36081011300,87393.0
36081011400,121442.0
36081011500,113370.0
36081011700,125550.0
36081011900,84886.0
36081012000,82500.0
36081012100,108125.0
36081012200,118015.0
36081012400,71435.0
36081012601,82450.0
36081012602,79531.0
36081012800,103750.0
36081014000,117631.0
36081014201,70813.0
36081014300,95446.0
36081014500,88462.0
36081014700,94180.0
36081014800,
36081014900,66000.0
36081015000,91116.0
36081015100,68932.0
36081015200,82093.0
36081015300,88636.0
36081015400,69414.0
36081015600,79063.0
36081015700,75982.0
36081015801,98387.0
36081015802,105149.0
36081016100,92042.0
36081016400,80568.0
36081016800,108173.0
36081016900,89679.0
36081017000,108229.0
36081017200,74760.0
36081017400,121759.0
36081017600,83906.0
36081017800,90096.0
36081017901,81319.0
36081018000,80147.0
36081018101,78864.0
36081018102,83750.0
36081018200,93043.0
36081018300,71891.0
36081018401,57679.0
36081018402,89766.0
36081018501,88027.0
36081018502,112260.0
36081018600,94840.0
36081018700,89479.0
36081018800,84688.0
36081018900,93333.0
36081019000,87051.0
36081019200,93403.0
36081019400,100938.0
36081019600,72000.0
36081019800,68828.0
36081020400,63750.0
36081021400,87356.0
36081021602,73446.0
36081021603,
36081022002,89600.0
36081023000,118494.0
36081023200,102386.0
36081023502,82676.0
36081023600,81557.0
36081023800,59938.0
36081025100,90996.0
36081025301,70664.0
36081025302,66393.0
36081025401,76434.0
36081025402,41822.0
36081025500,92260.0
36081025700,95139.0
36081025800,107442.0
36081025900,61289.0
36081026000,63565.0
36081026200,83667.0
36081026400,86411.0
36081026600,55441.0
36081026700,58274.0
36081026901,58163.0
36081026902,53694.0
36081027000,110938.0
36081027101,54568.0
36081027102,65786.0
36081027200,97357.0
36081027302,81532.0
36081027400,65234.0
36081027500,66971.0
36081027600,111250.0
36081027701,67602.0
36081027702,69521.0
36081027800,51992.0
36081027900,81417.0
36081028000,80286.0
36081028100,86631.0
36081028200,92368.0
36081028300,79340.0
36081028400,72633.0
36081028500,126991.0
36081028700,83108.0
36081028801,120234.0
36081028802,89653.0
36081028900,83870.0
36081030903,75728.0
36081032700,88167.0
36081032800,94398.0
36081033401,63892.0
36081033403,53013.0
36081033404,52574.0
36081033700,107750.0
36081033900,69755.0
36081035100,85284.0
36081035200,105139.0
36081035300,104107.0
36081035800,97128.0
36081036100,92500.0
36081036300,76613.0
36081036600,75395.0
36081036800,125882.0
36081037600,112955.0
36081037700,81797.0
36081037900,80927.0
36081039400,100833.0
36081039800,86948.0
36081039902,58640.0
36081040000,112560.0
36081040101,60338.0
36081040200,103214.0
36081040301,37018.0
36081040302,70179.0
36081040400,87917.0
36081040501,102682.0
36081040502,74091.0
36081040701,77944.0
36081040702,99722.0
36081041100,73899.0
36081041300,72519.0
36081041400,92939.0
36081041500,63411.0
36081042700,70921.0
36081043701,60188.0
36081043702,66731.0
36081043900,68922.0
36081044301,36467.0
36081044302,62731.0
36081044602,45688.0
36081044800,72371.0
36081045000,148424.0
36081045600,75357.0
36081045700,82176.0
36081045900,72279.0
36081046100,77000.0
36081046400,118472.0
36081046700,77246.0
36081046901,73538.0
36081046902,68353.0
36081047000,72955.0
36081047300,72441.0
36081047802,116198.0
36081048000,86250.0
36081048100,73983.0
36081048400,86726.0
36081049201,60797.0
36081049202,107063.0
36081049301,86429.0
36081049302,59940.0
36081049500,92800.0
36081049600,91991.0
36081049700,86031.0
36081050202,85147.0
36081050400,131168.0
36081050600,93000.0
36081050800,77040.0
36081051600,107500.0
36081051800,124423.0
36081052000,105163.0
36081052100,84009.0
36081052200,86818.0
36081052400,112838.0
36081052600,96695.0
36081052800,79542.0
36081053000,102381.0
36081053200,97419.0
36081053601,
36081053800,121034.0
36081053902,
36081054000,102174.0
36081054200,94125.0
36081054500,66076.0
36081054800,84601.0
36081055100,80268.0
36081055400,89375.0
36081055500,86667.0
36081055600,135052.0
36081055700,101636.0
36081055800,78672.0
36081055900,70481.0
36081056100,
36081056200,102125.0
36081056500,129647.0
36081056600,71974.0
36081056700,111477.0
36081057700,75750.0
36081058200,123583.0
36081058500,101157.0
36081058700,100385.0
36081058900,60224.0
36081059000,93750.0
36081059100,53832.0
36081059900,120979.0
36081060600,131250.0
36081061200,133214.0
36081061302,
36081061400,132159.0
36081061800,112868.0
36081062300,77563.0
36081062500,83631.0
36081062600,139602.0
36081062700,76439.0
36081062900,101097.0
36081063200,107672.0
36081064101,99393.0
36081064600,125875.0
36081065000,133482.0
36081065401,104622.0
36081065402,
36081065600,117800.0
36081065702,74821.0
36081065703,122434.0
36081066000,137843.0
36081066301,92318.0
36081066302,
36081066402,111494.0
36081066403,100441.0
36081066701,103594.0
36081067100,121266.0
36081067700,100313.0
36081068200,89732.0
36081068300,85771.0
36081069300,57099.0
36081069500,91591.0
36081069701,102500.0
36081070700,138237.0
36081071304,100238.0
36081071701,67566.0
36081071900,62408.0
36081072100,100976.0
36081072300,181250.0
36081072900,104767.0
36081073700,151731.0
36081073900,116815.0
36081074100,96894.0
36081074300,66972.0
36081074500,63268.0
36081075701,117361.0
36081075702,125316.0
36081077902,102363.0
36081077903,96944.0
36081077906,86324.0
36081077907,68226.0
36081077908,79265.0
36081078800,105529.0
36081079000,97500.0
36081079200,71510.0
36081079300,
36081079701,62173.0
36081079702,48147.0
36081079900,48980.0
36081080301,59817.0
36081080302,82358.0
36081081800,130457.0
36081083700,70028.0
36081083800,100354.0
36081084000,87614.0
36081084500,29552.0
36081084601,102692.0
36081084901,95551.0
36081084902,40901.0
36081085700,54914.0
36081085900,60460.0
36081086400,128398.0
36081086500,65433.0
36081087100,52250.0
36081088903,53393.0
36081089202,
36081091602,
36081092500,64107.0
36081092800,162798.0
36081094700,85819.0
36081097206,34679.0
36081097207,
36081099704,87323.0
36081100801,136800.0
36081100804,106235.0
36081101002,77188.0
36081101003,72254.0
36081101004,48236.0
36081103300,123810.0
36081103900,76587.0
36081104700,66683.0
36081105900,109000.0
36081109300,125536.0
36081109700,134145.0
36081109900,96250.0
36081113300,111094.0
36081114100,121579.0
36081114700,102135.0
36081115100,108542.0
36081115500,109063.0
36081115700,64153.0
36081115900,61776.0
36081116100,43417.0
36081116301,65526.0
36081117100,78856.0
36081117500,78098.0
36081118100,100536.0
36081118500,67277.0
36081118700,71657.0
36081119100,68355.0
36081119300,54273.0
36081119500,94010.0
36081119900,123519.0
36081120300,61000.0
36081120500,26563.0
36081120701,115750.0
36081120702,
36081121500,92412.0
36081122300,96313.0
36081122703,68089.0
36081122704,82292.0
36081124100,96560.0
36081129104,127303.0
36081133900,129934.0
36081134100,59033.0
36081136700,82139.0
36081137700,99140.0
36081138501,92132.0
36081140300,71842.0
36081140901,130281.0
36081140902,120208.0
36081142900,100864.0
36081144100,111410.0
36081144700,94766.0
36081145101,71154.0
36081145102,93523.0
36081145900,125962.0
36081146300,87244.0
36081146700,106538.0
36081147100,106615.0
36081150702,107375.0
36081155101,89931.0
36081155104,88882.0
36081157902,107153.0
36005036100,29250.0
36005012701,34688.0
36005042600,99764.0
36061003800,78220.0
36061001502,204310.0
36061004800,161973.0
36061006400,130385.0
36061017800,56875.0
36081094201,75966.0
36081111300,143917.0
36081148300,178509.0
36081080900,55716.0
36081122702,26161.0
36081139900,128000.0
36081143500,121875.0
36081157901,133542.0
36081157903,127533.0
36081042400,95855.0
36081043400,95057.0
36081042600,
36081043200,92750.0
36081045200,76071.0
36081005900,76813.0
36081006100,106413.0
36081058100,78950.0
36081058300,109327.0
36061023501,71893.0
36081047900,87515.0
36081062400,
36061022302,50238.0
36081133300,138602.0
36005021200,68926.0
36081065501,
36061014401,202966.0
36061001600,35875.0
36061001200,114318.0
36005042901,46779.0
36005043102,50926.0
36081026300,87232.0
36081005400,78633.0
36081008600,89667.0
36081066401,110000.0
36081066900,96484.0
36081048500,77614.0
36081012500,93309.0
36005029301,145951.0
36081013000,82708.0
36081073100,170913.0
36081026502,74643.0
36081026501,73641.0
36081048301,60568.0
36005002800,58068.0
36081066100,116806.0
36081065900,112917.0
36081066501,100391.0
36081102900,102972.0
36081063500,86219.0
36081062100,77011.0
36081063700,91488.0
36081077500,84427.0
36005039700,31964.0
36005039300,27776.0
36081063900,102083.0
36081046300,75539.0
36081047100,60616.0
36005035000,72778.0
36081024900,76987.0
36081026100,79419.0
36061021000,43645.0
36061021200,69702.0
36061015502,177841.0
36081010701,
36081012301,106328.0
36081085300,35985.0
36081161700,119688.0
36081099701,93368.0
36081101700,110572.0
36005023702,34922.0
36005039901,43503.0
36005040100,28649.0
36081085500,42611.0
36081086300,53839.0
36081028803,
36081029400,102984.0
36005014300,12367.0
36081004401,61920.0
36081005800,91875.0
36061020101,152250.0
36081116302,53631.0
36081116700,62857.0
36081090700,101023.0
36081091900,106612.0
36081000103,
36081051500,102833.0
36081000102,213135.0
36061013700,167929.0
36061013900,108071.0
36061014500,186389.0
36081010600,121250.0
36081016600,78108.0
36005003300,31289.0
36081056000,139615.0
36061022700,63574.0
36061025900,79429.0
36061006000,202600.0
36081015500,94375.0
36081015900,71615.0
36081000101,134304.0
36081107201,111354.0
36081107202,
36061009901,250001.0
36061014601,139000.0
36061014602,132457.0
36061014802,179304.0
36061026100,40352.0
36061025300,72763.0
36061026300,67024.0
36061019000,121438.0
36061000700,190388.0
36061000900,250001.0
36061003001,88889.0
36061005900,181375.0
36061012800,220256.0
36061004900,146967.0
36061013203,122083.0
36061013400,122163.0
36061013800,141343.0
36061014000,220066.0
36061013603,171912.0
36061013604,168970.0
36061014402,163086.0
36061014200,250001.0
36061002202,151711.0
36061003002,74691.0
36061018200,38942.0
36061018800,27237.0
36061017900,168859.0
36061018300,149367.0
36081045500,80100.0
36081071702,87958.0
36005038304,26842.0
36005036502,27110.0
36005036700,27465.0
36005007700,50733.0
36061023200,27967.0
36005043502,
36005022401,53398.0
36061020901,25357.0
36061025700,104033.0
36061019701,57292.0
36061020102,83375.0
36005015500,43913.0
36005038500,13554.0
36005028300,13796.0
36005028500,70659.0
36061006600,101990.0
36061005600,183068.0
36061007400,215511.0
36081009100,99070.0
36081076902,134545.0
36081029900,
36005027401,105346.0
36081071306,88329.0
36081129103,79367.0
36061023300,84927.0
36081053501,73042.0
36081052500,77037.0
36081059502,75833.0
36005016500,52446.0
36005041100,54219.0
36005041300,60254.0
36081157101,90575.0
36081157102,118250.0
36005045101,77246.0
36081001901,232109.0
36061012902,128625.0
36061013501,99265.0
36061013502,95693.0
36005014500,28104.0
36005014701,35277.0
36081001903,172986.0
36061011500,138750.0
36081008800,127313.0
36081006202,91902.0
36061015900,156830.0
36085000300,77981.0
36085000600,34492.0
36085000700,52813.0
36085000900,66208.0
36085001100,57368.0
36085001700,64006.0
36085002700,45848.0
36085002900,50189.0
36085004001,59962.0
36085004002,74759.0
36085004003,24896.0
36085004004,120497.0
36085005000,74890.0
36085007001,78558.0
36085007400,78701.0
36085008100,91274.0
36085009701,100996.0
36085009702,
36085010500,96607.0
36085011201,92387.0
36085011203,72935.0
36085011401,50878.0
36085012100,202699.0
36085012200,127824.0
36085012805,134512.0
36085012806,67857.0
36085013301,33705.0
36085013400,93145.0
36085015400,
36085016901,129583.0
36085017007,107003.0
36085017009,124196.0
36085017012,126250.0
36085017013,99914.0
36085017014,112567.0
36085017015,116923.0
36085017300,55114.0
36085017701,131719.0
36085018703,96642.0
36085018901,136370.0
36085018902,101700.0
36085019700,111250.0
36085020100,116591.0
36085020702,46638.0
36085020804,104049.0
36085020805,129939.0
36085020806,98683.0
36085022300,64964.0
36085022601,104385.0
36085022801,
36085023900,66833.0
36085024401,176363.0
36085024402,131042.0
36085025100,109494.0
36085027301,116181.0
36085027302,106979.0
36085027704,82315.0
36085027705,99803.0
36085030302,89917.0
36085031902,92083.0
36047000301,185128.0
36047000501,141364.0
36047001502,138179.0
36047002000,81458.0
36047003000,130473.0
36047003101,158500.0
36047003102,
36047003600,91583.0
36047003800,135313.0
36047004100,229002.0
36047004400,142143.0
36047004500,189833.0
36047004900,166667.0
36047005000,134013.0
36047005201,40789.0
36047005202,107143.0
36047005301,126071.0
36047005303,203750.0
36047005400,85342.0
36047005601,104598.0
36047005800,77648.0
36047006000,88542.0
36047006200,83500.0
36047006400,98846.0
36047006500,202355.0
36047006600,98158.0
36047006700,214931.0
36047006800,80938.0
36047006902,226136.0
36047007100,53786.0
36047007200,64000.0
36047007400,73454.0
36047007600,73681.0
36047007800,79981.0
36047008000,71250.0
36047008200,53500.0
36047008400,116100.0
36047008500,27854.0
36047008800,95707.0
36047009001,45945.0
36047009002,62225.0
36047009202,53641.0
36047009401,49620.0
36047009402,85929.0
36047009600,83664.0
36047009800,60679.0
36047010401,56875.0
36047010402,40255.0
36047010601,45106.0
36047010602,65372.0
36047010801,66143.0
36047010802,69479.0
36047011000,86932.0
36047011200,60348.0
36047011400,74063.0
36047011600,65551.0
36047011800,62273.0
36047012000,72987.0
36047012100,130357.0
36047012200,54071.0
36047012600,81477.0
36047012700,63750.0
36047012902,183510.0
36047013000,78942.0
36047013200,81429.0
36047013700,170600.0
36047013900,173378.0
36047014000,61111.0
36047014200,81250.0
36047014700,162847.0
36047014800,88787.0
36047014901,166161.0
36047014902,171346.0
36047015000,63594.0
36047015700,209940.0
36047016000,83920.0
36047016100,172234.0
36047016300,196630.0
36047016600,114635.0
36047017000,102417.0
36047017200,136096.0
36047017400,103594.0
36047017500,
36047017600,90833.0
36047017800,91923.0
36047017900,103836.0
36047018000,59936.0
36047018200,78750.0
36047018300,194519.0
36047018400,81467.0
36047018501,44877.0
36047018600,76667.0
36047018700,139231.0
36047018800,38227.0
36047019000,48824.0
36047019200,72303.0
36047019400,66080.0
36047019600,74292.0
36047019700,121235.0
36047019800,78673.0
36047019900,130688.0
36047020000,98214.0
36047020100,150978.0
36047020200,79643.0
36047020400,143162.0
36047020500,164926.0
36047020600,87446.0
36047020800,65491.0
36047021200,56250.0
36047021400,78214.0
36047021600,47950.0
36047021800,69291.0
36047022000,59395.0
36047022200,52361.0
36047022400,56105.0
36047022600,86655.0
36047022700,119148.0
36047022800,55898.0
36047023000,32725.0
36047023100,160199.0
36047023200,63094.0
36047023400,37587.0
36047023600,39479.0
36047023800,43843.0
36047024000,37833.0
36047024200,59276.0
36047024400,76417.0
36047024600,71711.0
36047024800,79340.0
36047024900,84746.0
36047025000,51250.0
36047025200,54012.0
36047025400,89021.0
36047025500,26906.0
36047025600,71250.0
36047025700,88750.0
36047025800,67167.0
36047025901,90000.0
36047025902,
36047026000,68043.0
36047026200,99750.0
36047026400,69808.0
36047026500,82088.0
36047026600,47544.0
36047026700,150386.0
36047026800,90442.0
36047026900,96006.0
36047027000,62083.0
36047027200,59802.0
36047027300,122093.0
36047027400,49800.0
36047027500,84756.0
36047027600,63447.0
36047027700,61042.0
36047027800,68792.0
36047027900,91771.0
36047028000,95208.0
36047028100,45850.0
36047028200,52926.0
36047028400,59954.0
36047028501,57969.0
36047028600,47923.0
36047028700,106462.0
36047028800,77042.0
36047029000,62731.0
36047029100,88153.0
36047029300,36833.0
36047029500,94227.0
36047029600,66349.0
36047029800,61059.0
36047029900,65433.0
36047030000,73981.0
36047030200,76005.0
36047030300,43275.0
36047030400,68581.0
36047030600,65985.0
36047030700,50049.0
36047030800,50865.0
36047030900,66889.0
36047031100,106845.0
36047031300,105407.0
36047031401,101193.0
36047031402,
36047031500,100899.0
36047031701,101806.0
36047031900,90357.0
36047032100,86685.0
36047032300,83815.0
36047032600,49911.0
36047032900,92193.0
36047033100,44347.0
36047033300,103333.0
36047033600,76719.0
36047033701,93620.0
36047033900,61979.0
36047034000,32983.0
36047034100,95300.0
36047034200,22872.0
36047034300,28750.0
36047034500,81850.0
36047034700,42457.0
36047034800,53710.0
36047034901,82521.0
36047034902,34381.0
36047035000,56891.0
36047035101,53626.0
36047035102,70030.0
36047035200,13240.0
36047035301,46789.0
36047035302,85234.0
36047035500,75139.0
36047035601,28750.0
36047035602,50456.0
36047035701,45313.0
36047035702,
36047035900,62774.0
36047036001,30877.0
36047036002,30176.0
36047036100,37035.0
36047036200,52023.0
36047036300,58091.0
36047036400,63480.0
36047036501,67165.0
36047036900,48583.0
36047037000,69493.0
36047037401,59004.0
36047037500,91985.0
36047037700,71786.0
36047037900,67949.0
36047038100,70867.0
36047038200,22332.0
36047038300,87786.0
36047038500,114375.0
36047038800,83558.0
36047038900,98819.0
36047039000,72143.0
36047039200,54483.0
36047039400,62875.0
36047039600,69563.0
36047039900,50329.0
36047040200,76250.0
36047040300,103792.0
36047040400,106442.0
36047040500,69437.0
36047040600,79941.0
36047040700,
36047040900,78220.0
36047041100,63125.0
36047041300,110996.0
36047041401,71944.0
36047041402,39048.0
36047041500,96110.0
36047041600,63425.0
36047041700,32028.0
36047041800,46607.0
36047041900,73958.0
36047042100,94209.0
36047042500,86316.0
36047042800,88656.0
36047042900,65000.0
36047043000,75417.0
36047043100,90745.0
36047043200,79667.0
36047043300,59551.0
36047043400,66763.0
36047043500,67778.0
36047043600,83284.0
36047043700,77904.0
36047043800,70066.0
36047044000,88344.0
36047044100,78526.0
36047044200,62708.0
36047044300,94517.0
36047044400,67554.0
36047044500,86717.0
36047044600,69099.0
36047044800,96639.0
36047045200,74250.0
36047045400,94607.0
36047045600,70329.0
36047045800,58958.0
36047046000,97188.0
36047046800,41343.0
36047047000,75069.0
36047047200,71635.0
36047047400,99769.0
36047048000,52940.0
36047048200,58234.0
36047048400,96964.0
36047048600,65714.0
36047048800,76110.0
36047048900,26070.0
36047049000,77917.0
36047049301,19440.0
36047049400,97625.0
36047049500,141250.0
36047049600,66920.0
36047049800,77692.0
36047050002,124107.0
36047050300,173548.0
36047050402,166100.0
36047050500,57500.0
36047050801,74333.0
36047050804,110317.0
36047050900,42361.0
36047051001,59583.0
36047051002,71007.0
36047051100,88457.0
36047051300,136207.0
36047051400,100000.0
36047051601,72304.0
36047051700,234444.0
36047051800,112589.0
36047051900,221375.0
36047052000,126102.0
36047052300,74454.0
36047052600,91500.0
36047052700,59632.0
36047052800,121000.0
36047052900,39549.0
36047053000,78621.0
36047053101,
36047053102,76635.0
36047053200,72500.0
36047053300,34519.0
36047053400,83421.0
36047053800,65556.0
36047054400,55938.0
36047054600,74651.0
36047054800,83500.0
36047055000,59955.0
36047055200,69861.0
36047055300,144083.0
36047055600,69485.0
36047055700,136250.0
36047055800,61786.0
36047056000,74104.0
36047056200,102083.0
36047056301,133636.0
36047056400,86392.0
36047056600,69286.0
36047056800,75521.0
36047057000,80216.0
36047057200,31864.0
36047057400,92813.0
36047057600,98750.0
36047057800,61919.0
36047058000,38945.0
36047058200,60811.0
36047058400,70870.0
36047058600,70167.0
36047058800,96838.0
36047058901,114659.0
36047058902,
36047059000,103619.0
36047059100,133795.0
36047059200,61944.0
36047059300,110625.0
36047059403,67232.0
36047059404,65520.0
36047059800,81051.0
36047061002,71944.0
36047061003,51054.0
36047061004,40931.0
36047061200,141094.0
36047061600,183095.0
36047062000,111932.0
36047063200,82941.0
36047063600,148056.0
36047063800,82188.0
36047064000,143214.0
36047064200,75735.0
36047064400,79259.0
36047064600,99067.0
36047064800,111406.0
36047065000,92673.0
36047065200,94000.0
36047065400,118000.0
36047065600,126607.0
36047065800,92014.0
36047066000,151719.0
36047067000,91979.0
36047067200,84280.0
36047067400,126705.0
36047068200,102000.0
36047068600,112646.0
36047068800,98750.0
36047069000,137650.0
36047069601,101760.0
36047069800,128194.0
36047070000,95331.0
36047070203,
36047072000,76912.0
36047072200,
36047072400,69263.0
36047072600,97292.0
36047072800,62333.0
36047073200,85846.0
36047073400,138750.0
36047073800,73125.0
36047074000,68125.0
36047074200,80240.0
36047074400,140391.0
36047074600,113750.0
36047074800,82266.0
36047075000,103125.0
36047075200,141250.0
36047075400,115851.0
36047075600,77273.0
36047075800,69662.0
36047076000,75174.0
36047076200,54725.0
36047076400,81813.0
36047076600,95563.0
36047076800,73125.0
36047077000,76921.0
36047077200,80855.0
36047077400,72488.0
36047077600,71983.0
36047078000,138611.0
36047078200,69558.0
36047078400,99653.0
36047078601,87614.0
36047078602,69615.0
36047078801,55984.0
36047078802,55179.0
36047079001,67857.0
36047079002,57672.0
36047079202,85833.0
36047079400,128295.0
36047079601,81629.0
36047079602,77370.0
36047079801,94375.0
36047080000,95769.0
36047080200,98942.0
36047080400,58413.0
36047080600,66632.0
36047081000,88490.0
36047081400,86705.0
36047081600,92784.0
36047081800,76607.0
36047082000,56250.0
36047082200,85645.0
36047082400,57204.0
36047082600,72543.0
36047082800,61313.0
36047083000,83690.0
36047083200,100161.0
36047083400,121000.0
36047083600,96094.0
36047083800,62950.0
36047084000,81058.0
36047084600,78304.0
36047084800,86012.0
36047085000,124219.0
36047085200,
36047085400,78828.0
36047085600,79107.0
36047085800,83640.0
36047086000,77955.0
36047086200,50438.0
36047086600,79508.0
36047086800,45764.0
36047087000,61136.0
36047087600,48125.0
36047087800,56633.0
36047088001,42351.0
36047088002,73750.0
36047088200,50754.0
36047088400,38594.0
36047088800,55053.0
36047089000,72535.0
36047089200,
36047089400,63125.0
36047089600,
36047089800,66976.0
36047090000,20500.0
36047090200,42612.0
36047090600,27908.0
36047091200,36899.0
36047091600,44825.0
36047091800,45942.0
36047092400,37271.0
36047093000,105848.0
36047093200,
36047093800,61827.0
36047094401,82500.0
36047094600,93667.0
36047095600,85603.0
36047095800,66452.0
36047096200,73750.0
36047096400,79934.0
36047096600,76174.0
36047096800,106250.0
36047097000,108864.0
36047097400,88688.0
36047098400,102200.0
36047098600,95508.0
36047098800,81985.0
36047099000,95326.0
36047099200,95597.0
36047099400,92738.0
36047100400,67063.0
36047100600,120518.0
36047100800,79250.0
36047101000,72115.0
36047101200,96726.0
36047101400,67961.0
36047101600,179803.0
36047101800,101996.0
36047102000,138672.0
36047102200,84063.0
36047102400,72955.0
36047102600,89055.0
36047102801,47063.0
36047103401,17853.0
36047110600,26536.0
36047111000,35174.0
36047111600,71021.0
36047112200,44188.0
36047112400,65472.0
36047112600,52039.0
36047112800,50426.0
36047113000,51938.0
36047113400,47994.0
36047114202,57826.0
36047115000,71044.0
36047115600,
36047115800,80091.0
36047116000,63839.0
36047116200,72614.0
36047116400,76713.0
36047116600,42158.0
36047116800,86563.0
36047117000,27840.0
36047117201,73214.0
36047117202,78190.0
36047117400,46583.0
36047117601,80882.0
36047117800,59034.0
36047118000,
36047118201,82976.0
36047119000,39733.0
36047119200,89286.0
36047119400,84332.0
36047119600,56513.0
36047120801,109091.0
36047120802,30853.0
36047121000,23136.0
36047121400,38094.0
36047123700,55861.0
36081032000,100417.0
36081068000,133510.0
36081048302,85724.0
36005014100,38816.0
36081024500,62647.0
36081024700,57143.0
36047007500,169375.0
36081056800,101321.0
36081058000,139342.0
36081013700,108056.0
36081014100,100568.0
36047105804,38380.0
36047107002,
36005037600,60288.0
36005017300,33269.0
36005034500,100539.0
36081051100,92647.0
36005003700,53029.0
36061014700,202250.0
36061015102,163274.0
36061008601,145054.0
36061008800,112782.0
36061008602,
36047050803,68496.0
36047079802,100438.0
36005005300,20608.0
36081089201,155291.0
36081006201,61954.0
36081088400,96806.0
36005005902,51364.0
36085005901,95863.0
36047051200,96719.0
36005016600,109519.0
36081049900,85045.0
36081050700,84476.0
36047006300,188519.0
36047005100,178913.0
36047005900,110288.0
36085024700,79833.0
36047036600,52385.0
36081003900,59988.0
36085029106,75347.0
36085013203,102750.0
36061012901,110917.0
36081056400,95000.0
36061023900,48816.0
36047054500,42071.0
36047069602,119451.0
36047070601,148214.0
36085017016,104313.0
36005006200,27453.0
36081127700,119591.0
36081138502,
36081152901,100909.0
36047010100,136705.0
36081048900,61552.0
36047014500,117800.0
36047011700,153348.0
36047014300,119594.0
36005021001,52629.0
36047038700,93221.0
36047039500,84219.0
36047028900,50152.0
36081003600,64459.0
36005003500,36569.0
36005007300,29978.0
36081001902,171458.0
36085012500,138000.0
36085014700,123015.0
36061000800,31262.0
36047056302,76351.0
36005004100,14592.0
36005004300,23393.0
36047095400,108309.0
36047096000,
36047057901,141754.0
36047057902,
36047099600,86426.0
36047099800,98153.0
36081017102,184083.0
36061011401,155809.0
36005023800,64408.0
36061029100,62348.0
36081099100,110250.0
36005035100,94948.0
36085001800,67273.0
36085002002,66641.0
36061001501,125712.0
36047062600,67218.0
36085011204,
36085012804,97624.0
36047066200,61083.0
36005032300,95556.0
36005033700,125273.0
36081002200,71667.0
36081001800,118694.0
36081002000,138750.0
36061021900,21938.0
36081066404,
36047005302,139609.0
36005051601,103125.0
36005051602,
36081021601,92609.0
36061024500,51403.0
36061025100,37839.0
36047049900,146106.0
36047050100,126696.0
36047051500,246707.0
36005040900,67793.0
36005042100,52824.0
36085015603,102792.0
36081047200,128274.0
36081047600,115335.0
36081118900,56446.0
36047093400,73321.0
36047093600,79773.0
36047092800,82250.0
36081121100,
36081141700,76275.0
36005023100,
36005038100,42015.0
36081050500,113438.0
36061016002,121216.0
36061016800,38833.0
36061007900,200079.0
36061006900,238563.0
36061007500,187647.0
36047014101,215104.0
36047014102,113750.0
36081077300,106964.0
36081086100,42026.0
36081120100,86125.0
36081081400,105179.0
36005023703,32892.0
36081055200,71213.0
36081130100,94854.0
36047111800,66838.0
36047112000,72167.0
36081059600,92162.0
36081070900,117375.0
36081060000,129519.0
36081062200,122938.0
36081016300,35237.0
36081029500,81051.0
36081059200,77857.0
36081059400,134297.0
36081070300,106250.0
36081013600,86601.0
36081013800,76938.0
36081069702,92489.0
36081053401,103594.0
36081059800,96250.0
36005046000,44355.0
36081156700,59722.0
36081162100,121101.0
36005026400,65337.0
36005045102,99395.0
36081063800,164604.0
36061019400,45750.0
36005005200,39743.0
36005022701,37828.0
36085030301,118913.0
36005003100,59297.0
36005023000,53826.0
36081003400,74922.0
36047118600,78971.0
36005007800,47216.0
36005009800,97896.0
36081008100,122798.0
36081008700,
36005022901,52222.0
36005023302,69030.0
36061002100,250001.0
36005025500,49159.0
36005026100,59242.0
36005026300,42100.0
36085005902,
36005038000,48073.0
36005026900,27569.0
36081128300,
36081129102,150263.0
36005011701,36857.0
36085007002,98574.0
36081069000,111464.0
36081069400,117692.0
36047114201,39531.0
36047114600,82228.0
36047086400,71016.0
36047088600,57674.0
36047090800,44875.0
36005018900,54056.0
36005017701,62126.0
36061027300,122654.0
36061028100,143194.0
36005029500,98125.0
36081030600,111458.0
36081071600,
36081084602,91953.0
36005018501,49444.0
36005018502,28963.0
36081061900,62083.0
36081063301,142768.0
36081063302,102292.0
36081040102,75660.0
36061019100,142500.0
36061019500,122103.0
36005028100,65982.0
36005043503,
36005035800,87553.0
36005046208,87061.0
36061027900,68596.0
36061028300,64803.0
36061030300,94208.0
36061030700,108073.0
36061024302,23574.0
36081037300,59821.0
36085027702,88295.0
36085027706,60781.0
36081091800,
36081092200,175682.0
36047055400,64894.0
36061028500,51026.0
36061028700,89476.0
36005038303,45258.0
36005039902,43491.0
36061023600,43679.0
36085002100,46667.0
36047004600,134773.0
36085990100,
36005000100,
36081092900,112324.0
36081009900,
36061024000,
36005021502,20415.0
36005021700,36195.0
36081014202,88750.0
36081014400,80101.0
36081095400,82053.0
36081096400,89432.0
36061005700,201116.0
36081024300,60880.0
36081051300,83618.0
36081051700,113125.0
36081053100,73938.0
36081094202,56800.0
36081094203,48482.0
36081040901,83320.0
36081040902,84091.0
36047001501,142560.0
36061022500,53424.0
36061022900,60346.0
36081099802,41654.0
36081099200,36736.0
36081050000,68850.0
36081050201,90972.0
36005016100,23210.0
36005016300,
36081064500,81250.0
36047002300,34977.0
36047020300,160795.0
36081039901,118319.0
36005008500,41535.0
36005001902,48953.0
36047049100,46137.0
36047050700,59158.0
36005006000,78269.0
36005015700,46504.0
36047016800,118341.0
36005021301,37171.0
36005000400,105924.0
36005008400,63631.0
36081044000,67463.0
36047001801,
36047001802,
36005020502,39688.0
36061000600,36893.0
36047053700,44085.0
36047053900,46914.0
36047032800,53526.0
36047033000,23583.0
36047062200,68821.0
36047002901,22855.0
36047021100,85225.0
36047013800,112703.0
36047013400,99886.0
36047013600,88182.0
36081147900,92045.0
36081150701,158875.0
36047056100,151875.0
36047056900,159286.0
36005034800,55700.0
36005046203,40755.0
36081060701,
36047042700,92250.0
36047045300,70598.0
36005030201,69500.0
36047070201,130174.0
36047070602,
36085020701,58495.0
36085021300,103992.0
36047021900,122589.0
36047031702,115512.0
36081061601,107838.0
36081061602,127857.0
36047000700,201827.0
36047098200,25125.0
36047110400,72229.0
36081071100,100149.0
36081037501,92647.0
36081037502,70625.0
36081027301,69631.0
36081046500,94125.0
36061011600,90212.0
36061012400,120709.0
36061016300,137829.0
36061016700,250001.0
36047117602,86848.0
36005038700,44982.0
36005038900,46471.0
36081047500,86271.0
36061008700,150384.0
36061009100,160866.0
36061019800,108250.0
36061020000,57034.0
36005002001,22311.0
36005000200,123729.0
36005002400,
36005006900,26608.0
36047070202,
36047032500,94328.0
36081033000,105013.0
36081033405,86065.0
36047036502,67038.0
36047036700,70426.0
36081062000,129457.0
36081063000,120821.0
36081011000,77031.0
36081011600,71576.0
36081011800,86754.0
36047011902,
36047000100,178162.0
36047000502,168013.0
36081103201,50123.0
36081103202,77069.0
36047057100,125272.0
36047057300,150885.0
36047057500,128804.0
36061004400,153280.0
36085000800,91438.0
36081108500,71111.0
36081113900,85485.0
36081010300,84821.0
36081010500,65233.0
36061021100,65753.0
36005007100,23148.0
36005007500,34259.0
36081030904,58726.0
36005041400,125302.0
36005041800,62567.0
36005019300,46794.0
36081059501,80515.0
36081060100,75811.0
36081059300,90975.0
36005036400,64850.0
36005036800,65781.0
36081044400,46434.0
36081046800,83388.0
36061006200,104255.0
36047056500,115329.0
36061014300,
36061021600,73831.0
36005036000,85708.0
36005022403,72143.0
36061015200,114940.0
36047022900,139609.0
36047010000,57881.0
36047010200,65668.0
36005016900,42168.0
36005016700,45363.0
36005017100,
36047013500,221920.0
36047015500,206176.0
36085032300,79688.0
36047092200,50994.0
36081099703,122188.0
36005033201,35360.0
36005033202,50245.0
36005033000,40133.0
36005033801,72725.0
36047002200,41852.0
36047007000,87198.0
36047015900,201858.0
36005033802,62153.0
36005037200,75224.0
36047032700,82554.0
36061000500,
36047004700,145341.0
36047008600,
36047009201,83824.0
36047042300,123750.0
36047039300,112566.0
36005023501,19940.0
36005023502,41780.0
36005019700,25439.0
36005006302,
36005019900,34311.0
36061023700,60404.0
36047019500,139329.0
36047019100,148929.0
36047019300,79505.0
36081099705,117283.0
36081099900,
36085009602,89392.0
36085017702,118743.0
36047042400,70060.0
36047042600,71840.0
36047016400,106875.0
36047042000,88700.0
36047054200,56481.0
36085003300,95317.0
36047073000,132227.0
36047073600,82358.0
36085013302,92070.0
36085014100,92500.0
36047114400,82422.0
36047022100,87021.0
36047030500,122353.0
36081124700,118813.0
36081126700,98000.0
36081112300,93194.0
36081112900,104688.0
36047012801,74306.0
36047021000,69970.0
36047003400,113143.0
36047002100,250001.0
36047054700,87047.0
36047054900,183091.0
36047055100,171952.0
36047055500,205860.0
36005024000,68832.0
36081091604,
36047039700,74291.0
36081047801,56848.0
36081048200,110729.0
36005006100,72123.0
36081091603,122443.0
36061003100,189250.0
36061004500,170714.0
36061003300,250001.0
36061004700,148750.0
36061003700,250001.0
36061003900,202542.0
36081003301,152056.0
36061015601,127741.0
36061015602,75147.0
36005019400,100950.0
36005027402,108235.0
36047039800,89750.0
36047040000,58941.0
36047001804,
36081013200,84452.0
36081013400,77073.0
36081060300,95909.0
36005009200,58717.0
36085029104,97412.0
36085029105,118597.0
36085007700,89961.0
36047023300,78177.0
36047023500,111917.0
36047029200,55653.0
36047029400,91544.0
36081077904,107279.0
36081077905,94000.0
36081125700,107125.0
36081126500,146250.0
36047050600,69276.0
36047115200,58542.0
36047119800,60289.0
36061009000,156381.0
36061009800,171745.0
36005039400,60373.0
36005039600,48798.0
36061029700,
36047044700,89511.0
36081053901,91027.0
36047038600,91857.0
36047016500,250001.0
36047150200,132727.0
36047041200,95152.0
36047042200,73033.0
36047045000,90893.0
36047033500,102188.0
36047033702,87165.0
36005018101,55664.0
36005018302,68627.0
36047021300,82426.0
36047021700,112957.0
36047037300,71786.0
36047040100,69616.0
36005023704,32228.0
36005038301,44040.0
36005009600,47212.0
36081038301,
36085011402,111058.0
36081093401,131471.0
36081093402,107371.0
36081093800,81573.0
36047000200,79375.0
36047001803,
36047005602,96397.0
36047016200,100278.0
36047007700,212827.0
36047040800,78750.0
36047041000,60694.0
36085015100,115769.0
36085018701,100903.0
36081013500,103250.0
36061016200,21942.0
36061017000,40027.0
36081001400,80456.0
36081064102,
36005037800,65964.0
36005043501,
36005025600,60815.0
36005020000,46622.0
36047026100,103274.0
36047026300,85546.0
36047039100,103796.0
36081045800,79236.0
36081046200,60647.0
36081046600,76885.0
36047016900,140727.0
36047017100,174646.0
36047004300,161875.0
36047006901,149936.0
36047013100,107083.0
36047011901,165179.0
36047013300,201298.0
36047016700,190125.0
36047015100,188866.0
36047015300,154286.0
36061006500,133781.0
36061006300,173995.0
36061007100,150449.0
36047049700,144872.0
36047047700,179175.0
36047048100,94896.0
36081020800,60486.0
36081021200,70776.0
36081045400,84100.0
36081046000,57184.0
36081024000,59421.0
36081024600,
36081044601,57614.0
36047003700,181404.0
36061005000,205250.0
36061005200,238750.0
36081071303,97563.0
36081071305,118409.0
36047030100,98438.0
36047037100,87679.0
36005018301,46389.0
36005019500,45661.0
36047000900,205500.0
36047048500,130278.0
36047049302,82423.0
36047027100,84412.0
36047029700,70536.0
36047003900,187273.0
36047012901,250001.0
36047020700,190843.0
36047024500,103194.0
36047024700,57106.0
36047018100,175294.0
36047024100,141717.0
36047024300,122203.0
36047025100,58856.0
36047025300,115700.0
36061021400,51068.0
36061023000,27860.0
36047021500,151154.0
36047003300,136217.0
36047003500,123417.0
36081003800,86146.0
36081004001,92500.0
36081054700,119732.0
36047044901,78774.0
36047044902,
36047052500,70625.0
36047053500,49244.0
36081004200,67270.0
36081005200,76300.0
36047043900,114318.0
36081054900,104821.0
36081055300,90114.0
36085018704,145432.0
36061002500,20597.0
36061002901,11094.0
36061011700,116048.0
36061002601,30350.0
36061003200,101294.0
36081097205,21295.0
36061031703,250001.0
36061031704,218917.0
36085003900,103702.0
36085004700,108750.0
36061020300,67528.0
36061020500,196576.0
36061020800,73197.0
36061022400,19326.0
36061026900,52389.0
36005048401,88862.0
36005048402,
36081035700,93153.0
36081037100,81607.0
36047105801,20988.0
36081030906,84907.0
36081029700,101538.0
36081030905,74339.0
36081029100,53384.0
36081029300,70556.0
36081020500,76786.0
36005037900,50250.0
36005039500,21674.0
36005027600,
36005030000,78155.0
36085018100,98807.0
36085014604,126950.0
36047060600,76080.0
36047060800,73546.0
36047091000,22321.0
36047051602,77801.0
36047079201,88162.0
36047109800,71635.0
36047092000,44978.0
36047113200,46812.0
36047015200,92454.0
36047015400,
36081074900,224313.0
36081076901,111389.0
36081000104,
36081000701,136875.0
36081086900,95469.0
36081088902,59200.0
36081022001,86915.0
36085006400,67946.0
36085009601,105670.0
36085006700,97432.0
36085007500,81200.0
36085017005,100965.0
36085017600,111786.0
36085019800,131496.0
36085020803,108076.0
36047050202,132670.0
36081019903,
36061001300,171923.0
36061031900,
36085022602,
36085024800,131745.0
36061023802,100870.0
36061023803,80724.0
36061009700,71537.0
36061010300,180200.0
36005014702,23825.0
36005017702,40125.0
36047087401,37207.0
36047080800,13337.0
36047087200,67650.0
36085015601,112076.0
36085015602,145682.0
36085017011,128933.0
36005028400,
36005029600,57474.0
36081002500,26044.0
36081003700,
36081099801,70278.0
36081100803,46534.0
36061002700,124063.0
36061002902,
36061007600,193644.0
36061008400,231546.0
36081097202,22500.0
36081097204,73180.0
36081038100,83654.0
36085002001,69620.0
36085003600,88929.0
36005033500,109867.0
36005041900,57079.0
36005042500,48280.0
36005008900,35914.0
36005015900,25686.0
36081020200,
36081020600,56667.0
36047001100,203958.0
36047001300,139866.0
36005012101,34464.0
36005001901,58083.0
36005005600,41684.0
36005005400,54884.0
36061019200,19525.0
36061024200,42617.0
36047060000,75671.0
36081019901,
36081019902,
36081097300,86008.0
36081098100,129250.0
36005013100,19760.0
36005015100,31298.0
36061011000,150164.0
36085014605,148065.0
36005020601,86701.0
36005022200,48110.0
36047107800,85947.0
36047122000,83594.0
36081021900,
36081053502,
36047120000,47031.0
36047120803,45125.0
36061023804,183536.0
36005013800,92567.0
36047054300,
36005005001,33632.0
36005005002,34688.0
36061027700,58086.0
36061029900,34731.0
36081093900,79471.0
36081094500,79406.0
36085013201,117083.0
36085013204,108447.0
36081067900,78538.0
36081068700,86193.0
36005024700,48906.0
36081036500,72031.0
36081036700,78200.0
36005024502,60221.0
36005024900,
36085029102,123393.0
36061010602,207717.0
36005009000,36806.0
36005011000,
36061008603,200735.0
36061010601,249091.0
36081022900,
36081023501,60044.0
36061004200,131083.0
36061006100,179167.0
36061026700,51250.0
36061031100,
36047107001,62028.0
36047107003,
36061001001,140000.0
36061026500,92434.0
36061027500,170000.0
36005020100,32692.0
36005020501,27349.0
36005021100,52128.0
36047102802,
36047103402,
36061001401,103750.0
36081000400,74107.0
36047118202,91802.0
36085022802,
36085014608,105625.0
36085014607,130294.0
36085027900,167934.0
36081000600,101042.0
36047118400,68093.0
36081061000,97788.0
36081038400,100337.0
36081060800,115000.0
36081051000,85179.0
36081051200,122778.0
36047046202,85536.0
36047047600,61250.0
36047047800,60590.0
36081057900,76023.0
36081061301,93669.0
36005006500,22740.0
36005006700,30191.0
36005021602,58569.0
36061001402,90469.0
36061001800,76726.0
36081032900,66573.0
36081034700,77025.0
36047094402,24676.0
36047095000,90083.0
36005025700,38667.0
36005005100,25851.0
36005006301,59924.0
36047046201,63375.0
36047046400,72422.0
36081038302,
36081074700,99769.0
36047118800,75394.0
36047120200,100559.0
36047049200,103269.0
36047152200,215602.0
36047017700,
36047028300,53040.0
36047028502,14944.0
36061000201,37353.0
36061000202,36688.0
36047035400,63382.0
36047037402,57118.0
36047050001,124177.0
36047050401,156033.0
36081031700,75591.0
36081033100,
36005029700,100548.0
36005030701,109890.0
36005030100,80357.0
36061008200,162143.0
36061009400,81875.0
36061009903,187596.0
36061011100,104451.0
36047059402,68625.0
36047059600,56757.0
36085023100,86589.0
36085031901,51743.0
36047068000,114904.0
36047069200,104712.0
36047067600,97750.0
36047067800,84612.0
36061024100,59500.0
36061024700,83605.0
36061025500,78315.0
36081134701,92125.0
36081134702,84031.0
36005011800,93319.0
36081098700,105313.0
36005029302,133102.0
36005012300,36435.0
36005011900,44122.0
36005009302,
36005009301,50962.0
36005011502,30922.0
36081152902,129832.0
36081155103,114526.0
36005022000,23910.0
36005033400,
36005007900,43081.0
36005008300,48634.0
36005021601,33990.0
36005021800,60108.0
36005001903,
36005001904,
36005028900,61797.0
36061030900,40438.0
36005031000,148168.0
36005035600,85962.0
36005046205,75679.0
36061018500,162188.0
36061018900,44263.0
36005030202,74044.0
36005050400,
36085013800,146975.0
36085014606,97247.0
36061001002,23796.0
36061002000,30792.0
36061002400,21092.0
36047062800,110377.0
36047066600,
36081017101,
36081017902,
