zip_code,median_income
10001,129852
10002,48386
10003,154262
10004,250001
10005,190233
10006,190170
10007,250001
10009,92876
10010,144969
10011,145987
10012,137106
10013,161154
10014,176395
10016,140381
10017,136705
10018,145958
10019,128559
10021,158677
10022,172026
10023,159874
10024,181560
10025,108940
10026,81244
10027,59587
10028,175121
10029,38695
10030,39802
10031,65283
10032,56829
10033,75040
10034,67754
10035,45121
10036,95638
10037,49153
10038,105419
10039,45371
10040,65516
10044,103347
10065,155331
10069,233636
10075,155902
10128,147772
10162,114139
10279,250001
10280,206299
10282,250001
10301,85609
10302,78263
10303,83947
10304,71561
10305,83413
10306,96866
10307,147184
10308,125850
10309,116098
10310,106250
10312,110719
10314,104613
10451,38770
10452,41288
10453,33186
10454,24086
10455,36115
10456,34954
10457,42683
10458,40800
10459,38006
10460,36309
10461,67028
10462,60966
10463,74974
10464,103125
10465,87985
10466,65969
10467,49330
10468,46233
10469,76020
10470,90046
10471,103046
10472,41039
10473,52462
10474,41586
10475,62712
11001,150000
11004,115360
11005,89931
11101,121062
11102,96617
11103,93324
11104,80709
11105,102012
11106,84867
11109,204885
11201,173136
11203,67897
11204,69479
11205,93887
11206,61430
11207,56523
11208,62077
11209,93854
11210,83692
11211,107506
11212,41355
11213,65127
11214,65895
11215,185865
11216,101277
11217,162863
11218,97366
11219,58347
11220,69883
11221,85736
11222,125734
11223,63368
11224,43648
11225,88568
11226,81014
11228,83665
11229,70603
11230,70027
11231,139930
11232,90891
11233,62411
11234,97479
11235,59661
11236,81464
11237,85196
11238,134523
11239,38015
11249,123047
11354,66010
11355,55326
11356,86730
11357,96988
11358,88165
11360,98875
11361,105932
11362,122090
11363,125015
11364,98359
11365,81258
11366,135373
11367,75061
11368,72270
11369,80297
11370,76009
11372,78606
11373,71480
11374,90631
11375,105904
11377,73073
11378,85830
11379,93558
11385,88838
11411,116458
11412,97979
11413,118440
11414,95051
11415,86394
11416,81188
11417,87006
11418,90156
11419,93399
11420,100006
11421,90685
11422,114697
11423,80054
11426,103533
11427,88980
11428,91296
11429,102880
11432,74096
11433,77519
11434,77598
11435,79710
11436,88047
11691,56135
11692,49720
11693,68449
11694,111011
11697,122667
